Present_Transcription	Past_Transcription
d.u	d.ɪ.d
s.eɪ	s.ɛ.d
g.oʊ	w.ɛ.n.t
g.ɛ.t	g.ɑ.t
n.oʊ	n.u
s.i	s.ɔ
θ.ɪ.ŋ.k	θ.ɔ.t
k.ʌ.m	k.eɪ.m
t.eɪ.k	t.ʊ.k
l.ʊ.k	l.ʊ.k.t
g.ɪ.v	g.eɪ.v
w.ɑ.n.t	w.ɔ.n.t.ɪ.d
f.aɪ.n.d	f.aʊ.n.d
t.ɛ.l	t.oʊ.l.d
s.i.m	s.i.m.d
f.i.l	f.ɛ.l.t
b.ɪ.k.ʌ.m	b.ɪ.k.eɪ.m
æ.s.k	æ.s.k.t
j.u.s	j.u.z.d
l.i.v	l.ɛ.f.t
t.ɹ.aɪ	t.ɹ.aɪ.d
m.i.n	m.ɛ.n.t
k.ɔ.l	k.ɔ.l.d
b.ɪ.g.ɪ.n	b.ɪ.g.æ.n
k.i.p	k.ɛ.p.t
t.ɚ.n	t.ɚ.n.d
n.i.d	n.i.d.ʌ.d
w.ɚ.k	w.ɚ.k.t
l.aɪ.v	l.ɪ.v.d
b.ɹ.ɪ.ŋ	b.ɹ.ɔ.t
t.ɔ.k	t.ɔ.k.t
h.i.ɹ	h.ɚ.d
s.ɪ.t	s.æ.t
ʃ.oʊ	ʃ.oʊ.d
s.t.æ.n.d	s.t.ʊ.d
h.oʊ.l.d	h.ɛ.l.d
ɹ.aɪ.t	ɹ.oʊ.t
tʃ.eɪ.n.dʒ	tʃ.eɪ.n.dʒ.d
s.t.ɑ.ɹ.t	s.t.ɑ.ɹ.t.ʌ.d
ɹ.ʌ.n	ɹ.æ.n
h.æ.p.ʌ.n	h.æ.p.ʌ.n.d
m.u.v	m.u.v.d
b.ɪ.l.i.v	b.ɪ.l.i.v.d
p.l.eɪ	p.l.eɪ.d
h.ɛ.l.p	h.ɛ.l.p.t
s.p.i.k	s.p.oʊ.k
ɹ.ɪ.m.ɛ.m.b.ɚ	ɹ.ɪ.m.ɛ.m.b.ɚ.d
p.eɪ	p.eɪ.d
g.ɹ.oʊ	g.ɹ.u
l.u.z	l.ɔ.s.t
s.t.ɑ.p	s.t.ɑ.p.t
l.aɪ.k	l.aɪ.k.t
w.eɪ.t	w.eɪ.t.ɪ.d
k.æ.ɹ.i	k.æ.ɹ.i.d
w.ɔ.k	w.ɔ.k.t
l.ɚ.n	l.ɚ.n.d
l.ɚ.n	l.ɚ.n.t
l.aɪ	l.eɪ
f.ɑ.l.oʊ	f.ɑ.l.oʊ.d
l.ɛ.d	l.ɛ.d
f.ɔ.l	f.ɛ.l
ʌ.p.ɪ.ɹ	ʌ.p.ɪ.ɹ.d
ʌ.n.d.ɚ.s.t.æ.n.d	ʌ.n.d.ɚ.s.t.ʊ.d
i.t	eɪ.t
ɪ.k.s.p.ɛ.k.t	ɪ.k.s.p.ɛ.k.t.ʌ.d
s.p.ɛ.n.d	s.p.ɛ.n.t
s.ɛ.n.d	s.ɛ.n.t
ʌ.l.aʊ	ʌ.l.aʊ.d
k.ʌ.n.t.ɪ.n.j.u	k.ʌ.n.t.ɪ.n.j.u.d
ɹ.ɪ.m.eɪ.n	ɹ.ɪ.m.eɪ.n.d
p.æ.s	p.æ.s.t
p.ɹ.ʌ.v.aɪ.d	p.ɹ.ʌ.v.aɪ.d.ʌ.d
b.aɪ	b.ɑ.t
ɹ.i.tʃ	ɹ.i.tʃ.t
d.ɪ.v.ɛ.l.ʌ.p	d.ɪ.v.ɛ.l.ʌ.p.t
s.t.eɪ	s.t.eɪ.d
w.ɑ.tʃ	w.ɑ.tʃ.t
d.ɪ.s.aɪ.d	d.ɪ.s.aɪ.d.ɪ.d
p.ɹ.ʌ.d.u.s	p.ɹ.ʌ.d.u.s.t
w.ɛ.ɹ	w.ɔ.ɹ
b.ɪ.l.d	b.ɪ.l.t
d.aɪ	d.aɪ.d
l.ʌ.v	l.ʌ.v.d
æ.d	æ.d.ɪ.d
m.i.t	m.ɛ.t
ɪ.n.k.ɹ.i.s	ɪ.n.k.ɹ.i.s.t
oʊ.p.ʌ.n	oʊ.p.ʌ.n.d
s.ʌ.dʒ.ɛ.s.t	s.ʌ.dʒ.ɛ.s.t.ʌ.d
b.ɹ.eɪ.k	b.ɹ.oʊ.k
h.oʊ.p	h.oʊ.p.t
s.ʌ.p.oʊ.z	s.ʌ.p.oʊ.z.d
ɹ.ɪ.t.ɚ.n	ɹ.ɪ.t.ɚ.n.d
d.ɹ.aɪ.v	d.ɹ.oʊ.v
d.ɹ.ɔ	d.ɹ.u
ɪ.n.v.ɑ.l.v	ɪ.n.v.ɑ.l.v.d
k.ɪ.l	k.ɪ.l.d
k.ʌ.n.s.ɪ.d.ɚ	k.ʌ.n.s.ɪ.d.ɚ.d
æ.k.s.ɛ.p.t	æ.k.s.ɛ.p.t.ɪ.d
ɔ.f.ɚ	ɔ.f.ɚ.d
ɹ.i.ʌ.l.aɪ.z	ɹ.i.ʌ.l.aɪ.z.d
ɪ.k.s.p.l.eɪ.n	ɪ.k.s.p.l.eɪ.n.d
ɹ.aɪ.z	ɹ.oʊ.z
k.æ.tʃ	k.ɑ.t
ʌ.g.ɹ.i	ʌ.g.ɹ.i.d
ɹ.i.k.w.aɪ.ɚ	ɹ.i.k.w.aɪ.ɚ.d
p.ɪ.k	p.ɪ.k.t
w.ɪ.ʃ	w.ɪ.ʃ.t
p.ʊ.l	p.ʊ.l.d
k.ʌ.v.ɚ	k.ʌ.v.ɚ.d
tʃ.u.z	tʃ.oʊ.z
l.ɪ.s.ʌ.n	l.ɪ.s.ʌ.n.d
ɹ.eɪ.z	ɹ.eɪ.z.d
w.ʌ.n.d.ɚ	w.ʌ.n.d.ɚ.d
k.ɑ.z	k.ɑ.z.d
ɚ.aɪ.v	ɚ.aɪ.v.d
l.æ.f	l.æ.f.t
f.ɚ.g.ɛ.t	f.ɚ.g.ɑ.t
æ.n.s.ɚ	æ.n.s.ɚ.d
p.l.æ.n	p.l.æ.n.d
d.ɪ.s.k.ɹ.aɪ.b	d.ɪ.s.k.ɹ.aɪ.b.d
s.m.aɪ.l	s.m.aɪ.l.d
k.ɹ.i.eɪ.t	k.ɹ.i.eɪ.t.ʌ.d
θ.ɹ.oʊ	θ.ɹ.u
ɹ.ʌ.s.i.v	ɹ.ʌ.s.i.v.d
w.ɪ.n	w.ʌ.n
p.ɹ.u.v	p.ɹ.u.v.d
s.ɚ.v	s.ɚ.v.d
ɛ.n.dʒ.ɔɪ	ɛ.n.dʒ.ɔɪ.d
f.eɪ.l	f.eɪ.l.d
s.ɛ.l	s.oʊ.l.d
dʒ.ɔɪ.n	dʒ.ɔɪ.n.d
t.i.tʃ	t.ɔ.t
d.ɹ.ɑ.p	d.ɹ.ɑ.p.t
f.aɪ.t	f.ɔ.t
f.ɔ.ɹ.s	f.ɔ.ɹ.s.t
ɛ.n.d	ɛ.n.d.ʌ.d
d.ɪ.s.k.ʌ.v.ɚ	d.ɪ.s.k.ʌ.v.ɚ.d
ɹ.ɛ.k.ʌ.g.n.aɪ.z	ɹ.ɛ.k.ʌ.g.n.aɪ.z.d
f.ɪ.l	f.ɪ.l.d
f.eɪ.s	f.eɪ.s.t
f.i.d	f.ɛ.d
ɪ.g.z.ɪ.s.t	ɪ.g.z.ɪ.s.t.ʌ.d
p.ɔɪ.n.t	p.ɔɪ.n.t.ɪ.d
ʃ.eɪ.k	ʃ.ʊ.k
t.ɛ.n.d	t.ɛ.n.d.ʌ.d
n.oʊ.t.ʌ.s	n.oʊ.t.ɪ.s.t
d.ɹ.ɪ.ŋ.k	d.ɹ.æ.ŋ.k
ɛ.n.t.ɚ	ɛ.n.t.ɚ.d
d.ɪ.s.k.ʌ.s	d.ɪ.s.k.ʌ.s.t
s.l.i.p	s.l.ɛ.p.t
m.æ.n.ʌ.dʒ	m.æ.n.ʌ.dʒ.d
h.æ.ŋ	h.ʌ.ŋ
ɪ.n.k.l.u.d	ɪ.n.k.l.u.d.ʌ.d
f.ɔ.ɹ.m	f.ɔ.ɹ.m.d
f.ɪ.n.ɪ.ʃ	f.ɪ.n.ɪ.ʃ.t
m.ɛ.ɹ.i	m.ɛ.ɹ.i.d
s.aʊ.n.d	s.aʊ.n.d.ɪ.d
k.ʌ.n.t.eɪ.n	k.ʌ.n.t.eɪ.n.d
p.ʊ.ʃ	p.ʊ.ʃ.t
ʌ.k.ɚ	ʌ.k.ɚ.d
ɪ.s.t.æ.b.l.ɪ.ʃ	ɪ.s.t.æ.b.l.ɪ.ʃ.t
ɪ.m.æ.dʒ.ʌ.n	ɪ.m.æ.dʒ.ʌ.n.d
æ.k.t	æ.k.t.ɪ.d
s.eɪ.v	s.eɪ.v.d
k.ɛ.ɹ	k.ɛ.ɹ.d
s.t.ɛ.ɹ	s.t.ɛ.ɹ.d
l.eɪ	l.eɪ.d
k.ɹ.aɪ	k.ɹ.aɪ.d
k.l.oʊ.s	k.l.oʊ.z.d
s.ʌ.f.ɚ	s.ʌ.f.ɚ.d
s.i.k	s.ɔ.t
ʃ.ɛ.ɹ	ʃ.ɛ.ɹ.d
ɑ.ɹ.g.j.u	ɑ.ɹ.g.j.u.d
ɹ.ɪ.d.u.s	ɹ.ɪ.d.u.s.t
ʌ.tʃ.i.v	ʌ.tʃ.i.v.d
s.ʌ.p.ɔ.ɹ.t	s.ʌ.p.ɔ.ɹ.t.ʌ.d
ʌ.p.l.aɪ	ʌ.p.l.aɪ.d
s.t.ʌ.d.i	s.t.ʌ.d.i.d
θ.æ.ŋ.k	θ.æ.ŋ.k.t
ʌ.v.ɔɪ.d	ʌ.v.ɔɪ.d.ɪ.d
ɹ.ʌ.f.j.u.z	ɹ.ʌ.f.j.u.z.d
m.ɛ.n.ʃ.ʌ.n	m.ɛ.n.ʃ.ʌ.n.d
ʌ.k.ɔ.ɹ.d	ʌ.k.ɔ.ɹ.d.ɪ.d
v.ɪ.z.ɪ.t	v.ɪ.z.ɪ.t.ɪ.d
ʌ.s.u.m	ʌ.s.u.m.d
t.ʌ.tʃ	t.ʌ.tʃ.t
ɛ.n.k.ɚ.ɪ.dʒ	ɛ.n.k.ɚ.ɪ.dʒ.d
b.ɛ.ɹ	b.ɔ.ɹ
ɹ.i.p.ɔ.ɹ.t	ɹ.i.p.ɔ.ɹ.t.ʌ.d
ɪ.k.s.p.ɹ.ɛ.s	ɪ.k.s.p.ɹ.ɛ.s.t
d.i.l	d.ɛ.l.t
ɹ.i.m.u.v	ɹ.i.m.u.v.d
d.ɪ.s.t.ɹ.ɔɪ	d.ɪ.s.t.ɹ.ɔɪ.d
ɹ.ʌ.g.ɑ.ɹ.d	ɹ.ʌ.g.ɑ.ɹ.d.ʌ.d
ɹ.ɛ.p.ɹ.ʌ.z.ɛ.n.t	ɹ.ɛ.p.ɹ.ʌ.z.ɛ.n.t.ʌ.d
h.aɪ.d	h.ɪ.d
p.l.eɪ.s	p.l.eɪ.s.t
k.l.eɪ.m	k.l.eɪ.m.d
p.ɹ.ɛ.z.ʌ.n.t	p.ɹ.i.z.ɛ.n.t.ʌ.d
t.ɹ.i.t	t.ɹ.i.t.ʌ.d
ʌ.d.m.ɪ.t	ʌ.d.m.ɪ.t.ʌ.d
w.ɚ.i	w.ɚ.i.d
f.l.aɪ	f.l.u
m.eɪ.n.t.eɪ.n	m.eɪ.n.t.eɪ.n.d
t.ɹ.æ.v.ʌ.l	t.ɹ.æ.v.ʌ.l.d
ɪ.m.p.ɹ.u.v	ɪ.m.p.ɹ.u.v.d
s.t.ɪ.k	s.t.ʌ.k
p.ɹ.ɪ.v.ɛ.n.t	p.ɹ.ɪ.v.ɛ.n.t.ɪ.d
w.ɑ.ʃ	w.ɑ.ʃ.t
k.l.aɪ.m	k.l.aɪ.m.d
h.eɪ.t	h.eɪ.t.ʌ.d
ɪ.n.t.ɹ.ʌ.d.u.s	ɪ.n.t.ɹ.ʌ.d.u.s.t
ɹ.ɪ.ŋ	ɹ.æ.ŋ
m.æ.t.ɚ	m.æ.t.ɚ.d
s.ɚ.v.aɪ.v	s.ɚ.v.aɪ.v.d
oʊ.n	oʊ.n.d
ɚ.eɪ.n.dʒ	ɚ.eɪ.n.dʒ.d
l.ɪ.f.t	l.ɪ.f.t.ʌ.d
b.ɚ.n	b.ɚ.n.d
b.ɚ.n	b.ɚ.n.t
g.eɪ.n	g.eɪ.n.d
p.ɹ.ɛ.s	p.ɹ.ɛ.s.t
d.ɪ.z.aɪ.n	d.ɪ.z.aɪ.n.d
k.ʌ.n.t.ɹ.oʊ.l	k.ʌ.n.t.ɹ.oʊ.l.d
p.ʌ.b.l.ɪ.ʃ	p.ʌ.b.l.ɪ.ʃ.t
ɔ.ɹ.d.ɚ	ɔ.ɹ.d.ɚ.d
p.ɹ.ʌ.t.ɛ.k.t	p.ɹ.ʌ.t.ɛ.k.t.ɪ.d
m.ɪ.s	m.ɪ.s.t
ɹ.ɪ.p.l.aɪ	ɹ.ɪ.p.l.aɪ.d
k.ʌ.m.p.ɛ.ɹ	k.ʌ.m.p.ɛ.ɹ.d
b.l.oʊ	b.l.u
ʃ.aʊ.t	ʃ.aʊ.t.ʌ.d
tʃ.ɛ.k	tʃ.ɛ.k.t
b.ɪ.l.ɔ.ŋ	b.ɪ.l.ɔ.ŋ.d
ɑ.p.ɚ.eɪ.t	ɑ.p.ɚ.eɪ.t.ʌ.d
p.ɹ.ʌ.f.ɚ	p.ɹ.ʌ.f.ɚ.d
d.ɹ.ɛ.s	d.ɹ.ɛ.s.t
d.ɪ.m.æ.n.d	d.ɪ.m.æ.n.d.ʌ.d
ɪ.m.ɚ.dʒ	ɪ.m.ɚ.dʒ.d
s.ɛ.t.ʌ.l	s.ɛ.t.ʌ.l.d
ʌ.p.ɹ.oʊ.tʃ	ʌ.p.ɹ.oʊ.tʃ.t
ɪ.n.t.ɛ.n.d	ɪ.n.t.ɛ.n.d.ɪ.d
p.ɹ.i.p.ɛ.ɹ	p.ɹ.i.p.ɛ.ɹ.d
n.ɑ.d	n.ɑ.d.ʌ.d
p.ɔ.ɹ	p.ɔ.ɹ.d
ɹ.ɪ.v.i.l	ɹ.ɪ.v.i.l.d
f.ɪ.ɹ	f.ɪ.ɹ.d
s.ɪ.ŋ	s.æ.ŋ
ʌ.t.ɛ.m.p.t	ʌ.t.ɛ.m.p.t.ʌ.d
p.ɚ.f.ɔ.ɹ.m	p.ɚ.f.ɔ.ɹ.m.d
ɹ.ʌ.f.l.ɛ.k.t	ɹ.ʌ.f.l.ɛ.k.t.ʌ.d
ɪ.n.s.ɪ.s.t	ɪ.n.s.ɪ.s.t.ʌ.d
ɪ.g.z.æ.m.ɪ.n	ɪ.g.z.æ.m.ʌ.n.d
g.ɛ.s	g.ɛ.s.t
g.æ.ð.ɚ	g.æ.ð.ɚ.d
p.ɹ.ɑ.m.ʌ.s	p.ɹ.ɑ.m.ʌ.s.t
k.ɹ.ɔ.s	k.ɹ.ɔ.s.t
ɹ.i.p.l.eɪ.s	ɹ.i.p.l.eɪ.s.t
ɪ.n.d.ʌ.k.eɪ.t	ɪ.n.d.ʌ.k.eɪ.t.ʌ.d
f.ɪ.t	f.ɪ.t.ʌ.d
ʌ.t.ɛ.n.d	ʌ.t.ɛ.n.d.ʌ.d
ʃ.u.t	ʃ.ɑ.t
ʌ.n.aʊ.n.s	ʌ.n.aʊ.n.s.t
ɪ.k.s.t.ɛ.n.d	ɪ.k.s.t.ɛ.n.d.ʌ.d
ʌ.f.ɛ.k.t	ʌ.f.ɛ.k.t.ɪ.d
l.i.n	l.i.n.d
ɹ.oʊ.l	ɹ.oʊ.l.d
p.eɪ.n.t	p.eɪ.n.t.ʌ.d
k.ʊ.k	k.ʊ.k.t
l.æ.s.t	l.æ.s.t.ʌ.d
ɪ.g.n.ɔ.ɹ	ɪ.g.n.ɔ.ɹ.d
h.æ.n.d	h.æ.n.d.ʌ.d
ʌ.t.æ.k	ʌ.t.æ.k.t
k.ʌ.l.ɛ.k.t	k.ʌ.l.ɛ.k.t.ʌ.d
ʌ.b.z.ɚ.v	ʌ.b.z.ɚ.v.d
d.ɪ.s.ʌ.p.ɪ.ɹ	d.ɪ.s.ʌ.p.ɪ.ɹ.d
aɪ.d.ɛ.n.t.ʌ.f.aɪ	aɪ.d.ɛ.n.t.ʌ.f.aɪ.d
s.t.ɹ.ɛ.tʃ	s.t.ɹ.ɛ.tʃ.t
ʌ.b.t.eɪ.n	ʌ.b.t.eɪ.n.d
dʒ.ʌ.m.p	dʒ.ʌ.m.p.t
h.æ.n.d.ʌ.l	h.æ.n.d.ʌ.l.d
k.ɑ.m.b.aɪ.n	k.ʌ.m.b.aɪ.n.d
s.ʌ.k.s.i.d	s.ʌ.k.s.i.d.ʌ.d
ɹ.ɪ.p.i.t	ɹ.ɪ.p.i.t.ɪ.d
b.ɛ.n.d	b.ɛ.n.d.ɪ.d
d.æ.n.s	d.æ.n.s.t
d.ɪ.n.aɪ	d.ɪ.n.aɪ.d
ɪ.n.v.aɪ.t	ɪ.n.v.aɪ.t.ʌ.d
d.ɪ.v.aɪ.d	d.ɪ.v.aɪ.d.ɪ.d
p.ɹ.ʌ.p.oʊ.z	p.ɹ.ʌ.p.oʊ.z.d
s.ʌ.s.p.ɛ.k.t	s.ʌ.s.p.ɛ.k.t.ʌ.d
θ.ɹ.ɛ.t.ʌ.n	θ.ɹ.ɛ.t.ʌ.n.d
m.aɪ.n.d	m.aɪ.n.d.ʌ.d
k.aʊ.n.t	k.aʊ.n.t.ɪ.d
ʌ.f.ɔ.ɹ.d	ʌ.f.ɔ.ɹ.d.ʌ.d
ɔ.ɹ.g.ʌ.n.aɪ.z	ɔ.ɹ.g.ʌ.n.aɪ.z.d
ɛ.m.p.l.ɔɪ	ɛ.m.p.l.ɔɪ.d
l.ɑ.k	l.ɑ.k.t
t.ɛ.ɹ	t.ɔ.ɹ
s.l.ɪ.p	s.l.ɪ.p.t
t.aɪ	t.aɪ.d
ɹ.i.m.aɪ.n.d	ɹ.i.m.aɪ.n.d.ʌ.d
ɚ.aɪ.z	ɚ.oʊ.z
k.ɑ.n.s.ʌ.n.t.ɹ.eɪ.t	k.ɑ.n.s.ʌ.n.t.ɹ.eɪ.t.ʌ.d
k.l.i.n	k.l.i.n.d
ʌ.p.oʊ.z	ʌ.p.oʊ.z.d
ɪ.s.k.eɪ.p	ɪ.s.k.eɪ.p.t
ɹ.ɪ.dʒ.ɛ.k.t	ɹ.ɪ.dʒ.ɛ.k.t.ɪ.d
n.oʊ.t	n.oʊ.t.ʌ.d
t.ɹ.eɪ.n	t.ɹ.eɪ.n.d
k.ɪ.s	k.ɪ.s.t
ɛ.n.ʃ.ʊ.ɹ	ɛ.n.ʃ.ʊ.ɹ.d
ʌ.d.ɑ.p.t	ʌ.d.ɑ.p.t.ʌ.d
b.ɑ.ð.ɚ	b.ɑ.ð.ɚ.d
n.eɪ.m	n.eɪ.m.d
ɹ.i.l.i.s	ɹ.i.l.i.s.t
ʌ.k.w.aɪ.ɚ	ʌ.k.w.aɪ.ɚ.d
ɹ.ɪ.z.ʌ.l.t	ɹ.ɪ.z.ʌ.l.t.ɪ.d
v.oʊ.t	v.oʊ.t.ʌ.d
s.t.ɛ.p	s.t.ɛ.p.t
ɹ.aɪ.d	ɹ.oʊ.d
s.æ.t.ʌ.s.f.aɪ	s.æ.t.ʌ.s.f.aɪ.d
v.ɛ.ɹ.i	v.ɛ.ɹ.i.d
s.w.ɪ.ŋ	s.w.ʌ.ŋ
d.ɪ.f.aɪ.n	d.ɪ.f.aɪ.n.d
d.ɪ.k.l.ɛ.ɹ	d.ɪ.k.l.ɛ.ɹ.d
k.ɑ.s.t	k.ɑ.s.t.ɪ.d
p.ɚ.s.w.eɪ.d	p.ɚ.s.w.eɪ.d.ʌ.d
ʌ.b.æ.n.d.ʌ.n	ʌ.b.æ.n.d.ʌ.n.d
t.ɛ.s.t	t.ɛ.s.t.ɪ.d
ɚ.n	ɚ.n.d
ʌ.t.ɹ.æ.k.t	ʌ.t.ɹ.æ.k.t.ʌ.d
ɛ.n.eɪ.b.ʌ.l	ɛ.n.eɪ.b.ʌ.l.d
l.aɪ.t	l.aɪ.t.ʌ.d
n.ɑ.k	n.ɑ.k.t
k.ʌ.m.ɪ.t	k.ʌ.m.ɪ.t.ɪ.d
ɹ.ɪ.l.æ.k.s	ɹ.ɪ.l.æ.k.s.t
d.ɚ.ɛ.k.t	d.ɚ.ɛ.k.t.ʌ.d
ɹ.i.k.ɔ.l	ɹ.ɪ.k.ɔ.l.d
s.t.i.l	s.t.oʊ.l
ɹ.ɛ.s.t	ɹ.ɛ.s.t.ʌ.d
ɪ.k.s.p.ɪ.ɹ.i.ʌ.n.s	ɪ.k.s.p.ɪ.ɹ.i.ʌ.n.s.t
s.ɑ.l.v	s.ɑ.l.v.d
ɹ.ʌ.k.ɔ.ɹ.d	ɹ.ʌ.k.ɔ.ɹ.d.ʌ.d
ʌ.s.oʊ.s.i.ʌ.t	ʌ.s.oʊ.s.i.eɪ.t.ʌ.d
p.ɹ.i.t.ɛ.n.d	p.ɹ.i.t.ɛ.n.d.ʌ.d
k.ʌ.m.p.l.eɪ.n	k.ʌ.m.p.l.eɪ.n.d
d.ʌ.t.ɚ.m.ʌ.n	d.ɪ.t.ɚ.m.ʌ.n.d
ɹ.ɪ.s.p.ɑ.n.d	ɹ.ɪ.s.p.ɑ.n.d.ɪ.d
s.ʌ.p.l.aɪ	s.ʌ.p.l.aɪ.d
s.w.i.p	s.w.ɛ.p.t
ɑ.k.j.ʌ.p.aɪ	ɑ.k.j.ʌ.p.aɪ.d
ɹ.ʌ.ʃ	ɹ.ʌ.ʃ.t
m.ɪ.k.s	m.ɪ.k.s.t
s.ɛ.p.ɚ.eɪ.t	s.ɛ.p.ɚ.eɪ.t.ʌ.d
s.t.eɪ.t	s.t.eɪ.t.ɪ.d
b.ɛ.ɹ.i	b.ɛ.ɹ.i.d
s.ɪ.ŋ.k	s.æ.ŋ.k
w.ɔ.ɹ.n	w.ɔ.ɹ.n.d
k.l.ɪ.ɹ	k.l.ɪ.ɹ.d
m.ɑ.ɹ.k	m.ɑ.ɹ.k.t
ʌ.t.æ.tʃ	ʌ.t.æ.tʃ.t
s.aɪ.n	s.aɪ.n.d
ɪ.k.s.p.oʊ.z	ɪ.k.s.p.oʊ.z.d
s.ɚ.aʊ.n.d	s.ɚ.aʊ.n.d.ʌ.d
p.ɹ.æ.k.t.ɪ.s	p.ɹ.æ.k.t.ɪ.s.t
s.k.ɹ.i.m	s.k.ɹ.i.m.d
d.ɹ.æ.g	d.ɹ.æ.g.d
k.ʌ.m.p.l.i.t	k.ʌ.m.p.l.i.t.ʌ.d
d.ɛ.ɹ	d.ɛ.ɹ.d
f.aɪ.ɚ	f.aɪ.ɚ.d
ʌ.k.ʌ.m.p.ʌ.n.i	ʌ.k.ʌ.m.p.ʌ.n.i.d
t.ɹ.ʌ.s.t	t.ɹ.ʌ.s.t.ɪ.d
l.oʊ.ɚ	l.oʊ.ɚ.d
d.ɹ.aɪ	d.ɹ.aɪ.d
g.l.æ.n.s	g.l.æ.n.s.t
p.ʌ.z.ɛ.s	p.ʌ.z.ɛ.s.t
s.m.ɛ.l	s.m.ɛ.l.d
s.m.ɛ.l	s.m.ɛ.l.t
s.u.t	s.u.t.ʌ.d
d.ɪ.f.ɛ.n.d	d.ɪ.f.ɛ.n.d.ʌ.d
h.ɛ.d	h.ɛ.d.ʌ.d
s.w.ɪ.m	s.w.æ.m
b.l.eɪ.m	b.l.eɪ.m.d
d.ɪ.l.ɪ.v.ɚ	d.ɪ.l.ɪ.v.ɚ.d
ɪ.k.s.p.æ.n.d	ɪ.k.s.p.æ.n.d.ʌ.d
ɪ.m.p.l.aɪ	ɪ.m.p.l.aɪ.d
b.ɪ.h.eɪ.v	b.ɪ.h.eɪ.v.d
d.ɛ.m.ʌ.n.s.t.ɹ.eɪ.t	d.ɛ.m.ʌ.n.s.t.ɹ.eɪ.t.ʌ.d
ʃ.ɪ.f.t	ʃ.ɪ.f.t.ʌ.d
w.eɪ.v	w.eɪ.v.d
s.ɚ.tʃ	s.ɚ.tʃ.t
tʃ.ɑ.ɹ.dʒ	tʃ.ɑ.ɹ.dʒ.d
ʌ.p.ɹ.u.v	ʌ.p.ɹ.u.v.d
f.ɹ.i.z	f.ɹ.oʊ.z
s.m.oʊ.k	s.m.oʊ.k.t
k.ʌ.n.f.ɚ.m	k.ʌ.n.f.ɚ.m.d
ɪ.n.g.eɪ.dʒ	ɪ.n.g.eɪ.dʒ.d
b.ɹ.i.ð	b.ɹ.i.ð.d
ɪ.m.p.oʊ.z	ɪ.m.p.oʊ.z.d
p.ɚ.s.u	p.ɚ.s.u.d
g.ɹ.æ.n.t	g.ɹ.æ.n.t.ʌ.d
æ.d.m.aɪ.ɹ	ʌ.d.m.aɪ.ɚ.d
k.oʊ.p	k.oʊ.p.t
s.t.ɹ.ʌ.g.ʌ.l	s.t.ɹ.ʌ.g.ʌ.l.d
s.w.ɪ.tʃ	s.w.ɪ.tʃ.t
d.ɪ.s.t.ɚ.b	d.ɪ.s.t.ɚ.b.d
s.ʌ.l.ɛ.k.t	s.ʌ.l.ɛ.k.t.ʌ.d
ɹ.ɛ.k.ʌ.m.ɛ.n.d	ɹ.ɛ.k.ʌ.m.ɛ.n.d.ʌ.d
w.ɪ.ð.d.ɹ.ɔ	w.ɪ.θ.d.ɹ.u
p.ɚ.m.ɪ.t	p.ɚ.m.ɪ.t.ʌ.d
æ.d.v.aɪ.z	æ.d.v.aɪ.z.d
w.ɪ.s.p.ɚ	w.ɪ.s.p.ɚ.d
b.ɔɪ.l	b.ɔɪ.l.d
k.ʌ.n.k.l.u.d	k.ʌ.n.k.l.u.d.ʌ.d
d.ɑ.m.ʌ.n.eɪ.t	d.ɑ.m.ʌ.n.eɪ.t.ʌ.d
k.ʌ.n.t.ɹ.ɪ.b.j.u.t	k.ʌ.n.t.ɹ.ɪ.b.j.u.t.ɪ.d
k.ɪ.k	k.ɪ.k.t
l.ɪ.ŋ.k	l.ɪ.ŋ.k.t
ɹ.ɪ.k.ʌ.v.ɚ	ɹ.ʌ.k.ʌ.v.ɚ.d
p.ɔ.z	p.ɔ.z.d
ɹ.ɪ.z.ɪ.s.t	ɹ.ɪ.z.ɪ.s.t.ɪ.d
s.t.ɚ	s.t.ɚ.d
m.aʊ.n.t	m.aʊ.n.t.ʌ.d
ɹ.ʌ.b	ɹ.ʌ.b.d
v.æ.n.ɪ.ʃ	v.æ.n.ɪ.ʃ.t
k.w.oʊ.t	k.w.oʊ.t.ɪ.d
p.ɹ.ʌ.s.i.d	p.ɹ.ʌ.s.i.d.ʌ.d
f.ɪ.k.s	f.ɪ.k.s.t
k.ʌ.n.ɛ.k.t	k.ʌ.n.ɛ.k.t.ɪ.d
s.ɔ.ɹ.t	s.ɔ.ɹ.t.ɪ.d
dʒ.ʌ.dʒ	dʒ.ʌ.dʒ.d
p.ɹ.ʌ.z.ɚ.v	p.ɹ.ʌ.z.ɚ.v.d
d.ɪ.g	d.ʌ.g
h.ɚ.i	h.ɚ.i.d
ɹ.ɪ.t.eɪ.n	ɹ.ɪ.t.eɪ.n.d
s.ɛ.n.s	s.ɛ.n.s.t
ɔ.l.t.ɚ	ɔ.l.t.ɚ.d
ɪ.n.f.l.u.ʌ.n.s	ɪ.n.f.l.u.ʌ.n.s.t
l.ɔ.n.tʃ	l.ɔ.n.tʃ.t
t.w.ɪ.s.t	t.w.ɪ.s.t.ʌ.d
ɚ.dʒ	ɚ.dʒ.d
ʌ.ʃ.ʊ.ɹ	ʌ.ʃ.ʊ.ɹ.d
ɪ.m.p.ɹ.ɛ.s	ɪ.m.p.ɹ.ɛ.s.t
p.æ.k	p.æ.k.t
f.oʊ.l.d	f.oʊ.l.d.ʌ.d
ɪ.ʃ.u	ɪ.ʃ.u.d
k.ɑ.n.d.ʌ.k.t	k.ʌ.n.d.ʌ.k.t.ʌ.d
ʌ.b.z.ɔ.ɹ.b	ʌ.b.z.ɔ.ɹ.b.d
d.ɪ.s.p.l.eɪ	d.ɪ.s.p.l.eɪ.d
w.eɪ.s.t	w.eɪ.s.t.ʌ.d
d.ɹ.i.m	d.ɹ.i.m.d
w.aɪ.p	w.aɪ.p.t
ɹ.ɪ.l.eɪ.t	ɹ.ɪ.l.eɪ.t.ɪ.d
ɛ.m.f.ʌ.s.aɪ.z	ɛ.m.f.ʌ.s.aɪ.z.d
d.æ.m.ʌ.dʒ	d.æ.m.ʌ.dʒ.d
dʒ.ɛ.n.ɚ.eɪ.t	dʒ.ɛ.n.ɚ.eɪ.t.ʌ.d
w.ɑ.n.d.ɚ	w.ɑ.n.d.ɚ.d
s.i.s	s.i.s.t
ɹ.u.l	ɹ.u.l.d
ɪ.n.f.ɔ.ɹ.m	ɪ.n.f.ɔ.ɹ.m.d
l.æ.k	l.æ.k.t
ʌ.k.j.u.z	ʌ.k.j.u.z.d
f.eɪ.d	f.eɪ.d.ʌ.d
f.oʊ.n	f.oʊ.n.d
s.ʌ.k	s.ʌ.k.t
m.ɛ.ʒ.ɚ	m.ɛ.ʒ.ɚ.d
k.ɑ.n.v.ɚ.t	k.ʌ.n.v.ɚ.t.ɪ.d
l.ɪ.m.ʌ.t	l.ɪ.m.ʌ.t.ʌ.d
p.ɹ.ɪ.n.t	p.ɹ.ɪ.n.t.ʌ.d
æ.d.ɹ.ɛ.s	ʌ.d.ɹ.ɛ.s.t
eɪ.m	eɪ.m.d
ɹ.æ.p	ɹ.æ.p.t
d.ɪ.s.m.ɪ.s	d.ɪ.s.m.ɪ.s.t
s.l.aɪ.d	s.l.ɪ.d
ʌ.p.ɹ.i.ʃ.i.eɪ.t	ʌ.p.ɹ.i.ʃ.i.eɪ.t.ɪ.d
d.ɪ.l.aɪ.t	d.ɪ.l.aɪ.t.ʌ.d
ɪ.l.ɛ.k.t	ɪ.l.ɛ.k.t.ʌ.d
f.l.oʊ	f.l.oʊ.d
k.w.ɛ.s.tʃ.ʌ.n	k.w.ɛ.s.tʃ.ʌ.n.d
ɪ.g.z.ɔ.s.t	ɪ.g.z.ɔ.s.t.ɪ.d
ʃ.aɪ.n	ʃ.oʊ.n
ʌ.k.aʊ.n.t	ʌ.k.aʊ.n.t.ɪ.d
s.l.oʊ	s.l.oʊ.d
d.aʊ.t	d.aʊ.t.ɪ.d
æ.k.n.ɑ.l.ɪ.dʒ	æ.k.n.ɑ.l.ɪ.dʒ.d
ɛ.s.t.ʌ.m.ʌ.t	ɛ.s.t.ʌ.m.eɪ.t.ʌ.d
s.p.ɹ.ɪ.ŋ	s.p.ɹ.æ.ŋ
s.p.ɹ.ɪ.ŋ	s.p.ɹ.ʌ.ŋ
ɚ.ɛ.s.t	ɚ.ɛ.s.t.ʌ.d
g.ɹ.æ.b	g.ɹ.æ.b.d
ɪ.n.v.ɛ.n.t	ɪ.n.v.ɛ.n.t.ʌ.d
s.w.ɑ.l.oʊ	s.w.ɑ.l.oʊ.d
ɹ.ɪ.s.t.ɔ.ɹ	ɹ.ɪ.s.t.ɔ.ɹ.d
f.ɚ.g.ɪ.v	f.ɚ.g.eɪ.v
w.ɛ.l.k.ʌ.m	w.ɛ.l.k.ʌ.m.d
p.ɹ.ʌ.m.oʊ.t	p.ɹ.ʌ.m.oʊ.t.ʌ.d
f.l.oʊ.t	f.l.oʊ.t.ʌ.d
d.ɪ.k.l.aɪ.n	d.ɪ.k.l.aɪ.n.d
p.ɑ.ɹ.t	p.ɑ.ɹ.t.ʌ.d
s.ɪ.k.j.ʊ.ɹ	s.ɪ.k.j.ʊ.ɹ.d
s.i.z	s.i.z.d
oʊ.v.ɚ.k.ʌ.m	oʊ.v.ɚ.k.eɪ.m
s.w.ɛ.ɹ	s.w.ɔ.ɹ
k.ʌ.n.s.i.l	k.ʌ.n.s.i.l.d
d.ɹ.ɪ.f.t	d.ɹ.ɪ.f.t.ʌ.d
b.ɔ.ɹ	b.ɔ.ɹ.d
d.ɪ.s.t.ɪ.ŋ.g.w.ɪ.ʃ	d.ɪ.s.t.ɪ.ŋ.g.w.ɪ.ʃ.t
d.aɪ.n	d.aɪ.n.d
k.ʌ.n.s.ʌ.l.t	k.ʌ.n.s.ʌ.l.t.ʌ.d
ʃ.ɑ.k	ʃ.ɑ.k.t
ɹ.ɪ.t.aɪ.ɹ	ɹ.ɪ.t.aɪ.ɹ.d
t.ɹ.ʌ.b.ʌ.l	t.ɹ.ʌ.b.ʌ.l.d
g.ɹ.i.t	g.ɹ.i.t.ʌ.d
f.ɪ.ʃ	f.ɪ.ʃ.t
ɪ.l.ʌ.s.t.ɹ.eɪ.t	ɪ.l.ʌ.s.t.ɹ.eɪ.t.ʌ.d
l.ɔ.ŋ	l.ɔ.ŋ.d
h.aɪ.ɚ	h.aɪ.ɚ.d
m.æ.tʃ	m.æ.tʃ.t
t.ɹ.æ.n.s.f.ɚ	t.ɹ.æ.n.s.f.ɚ.d
b.ɑ.ɹ.oʊ	b.ɑ.ɹ.oʊ.d
g.eɪ.z	g.eɪ.z.d
ɹ.ɪ.m.ɑ.ɹ.k	ɹ.ɪ.m.ɑ.ɹ.k.t
s.t.ɔ.ɹ	s.t.ɔ.ɹ.d
ɛ.n.t.aɪ.t.ʌ.l	ɛ.n.t.aɪ.t.ʌ.l.d
l.i.p	l.ɛ.p.t
k.ʌ.n.v.ɪ.n.s	k.ʌ.n.v.ɪ.n.s.t
ɛ.k.s.p.l.ɔɪ.t	ɛ.k.s.p.l.ɔɪ.t.ʌ.d
b.ɛ.g	b.ɛ.g.d
s.aɪ	s.aɪ.d
tʃ.æ.l.ʌ.n.dʒ	tʃ.æ.l.ʌ.n.dʒ.d
f.aʊ.n.d	f.aʊ.n.d.ɪ.d
k.æ.l.k.j.ʌ.l.eɪ.t	k.æ.l.k.j.ʌ.l.eɪ.t.ʌ.d
h.ɛ.z.ʌ.t.eɪ.t	h.ɛ.z.ɪ.t.eɪ.t.ɪ.d
ɪ.l.ɪ.m.ʌ.n.eɪ.t	ɪ.l.ɪ.m.ʌ.n.eɪ.t.ʌ.d
v.j.u	v.j.u.d
p.l.æ.n.t	p.l.æ.n.t.ʌ.d
w.eɪ	w.eɪ.d
f.ɑ.s.t.ɚ	f.ɑ.s.t.ɚ.d
ʌ.n.d.ɚ.t.eɪ.k	ʌ.n.d.ɚ.t.ʊ.k
d.ɹ.eɪ.n	d.ɹ.eɪ.n.d
m.ɑ.ɹ.tʃ	m.ɑ.ɹ.tʃ.t
ɹ.ɪ.s.p.ɛ.k.t	ɹ.ɪ.s.p.ɛ.k.t.ɪ.d
s.t.ɑ.ɹ.t.ʌ.l	s.t.ɑ.ɹ.t.ʌ.l.d
ɪ.n.v.ɛ.s.t	ɪ.n.v.ɛ.s.t.ʌ.d
l.æ.n.d	l.æ.n.d.ʌ.d
l.ɪ.s.t	l.ɪ.s.t.ʌ.d
k.ɑ.n.s.t.ʌ.t.u.t	k.ɑ.n.s.t.ʌ.t.u.t.ʌ.d
ɛ.k.s.ɚ.s.aɪ.z	ɛ.k.s.ɚ.s.aɪ.z.d
s.p.ɔɪ.l	s.p.ɔɪ.l.d
ʌ.d.v.æ.n.s	ʌ.d.v.æ.n.s.t
ɹ.ɛ.n.t	ɹ.ɛ.n.t.ʌ.d
s.ʌ.s.t.eɪ.n	s.ʌ.s.t.eɪ.n.d
k.ʌ.l.æ.p.s	k.ʌ.l.æ.p.s.t
k.ʌ.n.d.ɛ.m	k.ʌ.n.d.ɛ.m.d
g.ɛ.ɹ.ʌ.n.t.i	g.ɛ.ɹ.ʌ.n.t.i.d
t.ɛ.ɹ.ʌ.f.aɪ	t.ɛ.ɹ.ʌ.f.aɪ.d
p.ɹ.ɪ.d.ɪ.k.t	p.ɹ.ɪ.d.ɪ.k.t.ɪ.d
h.ʌ.n.t	h.ʌ.n.t.ʌ.d
t.ɹ.æ.n.s.f.ɔ.ɹ.m	t.ɹ.æ.n.s.f.ɔ.ɹ.m.d
t.ɹ.ɛ.m.b.ʌ.l	t.ɹ.ɛ.m.b.ʌ.l.d
k.ʌ.n.s.t.ɹ.ʌ.k.t	k.ʌ.n.s.t.ɹ.ʌ.k.t.ʌ.d
l.aɪ.n	l.aɪ.n.d
s.t.ɹ.ɛ.ŋ.θ.ʌ.n	s.t.ɹ.ɛ.ŋ.θ.ʌ.n.d
ɹ.i.æ.k.t	ɹ.i.æ.k.t.ʌ.d
dʒ.ʌ.s.t.ʌ.f.aɪ	dʒ.ʌ.s.t.ʌ.f.aɪ.d
k.ʌ.m.æ.n.d	k.ʌ.m.æ.n.d.ɪ.d
f.ɪ.g.j.ɚ	f.ɪ.g.j.ɚ.d
s.n.æ.p	s.n.æ.p.t
p.ɹ.eɪ	p.ɹ.eɪ.d
b.æ.k	b.æ.k.t
b.æ.l.ʌ.n.s	b.æ.l.ʌ.n.s.t
k.ɹ.ɪ.t.ɪ.s.aɪ.z	k.ɹ.ɪ.t.ʌ.s.aɪ.z.d
h.i.t	h.i.t.ʌ.d
ɹ.ɛ.dʒ.ɪ.s.t.ɚ	ɹ.ɛ.dʒ.ɪ.s.t.ɚ.d
s.k.w.i.z	s.k.w.i.z.d
m.æ.n.j.ʌ.f.æ.k.tʃ.ɚ	m.æ.n.j.ʌ.f.æ.k.tʃ.ɚ.d
p.oʊ.z	p.oʊ.z.d
l.oʊ.d	l.oʊ.d.ʌ.d
b.aɪ.t	b.ɪ.t
p.ɪ.ɹ	p.ɪ.ɹ.d
g.ɹ.aɪ.n.d	g.ɹ.aʊ.n.d
ɪ.n.t.ɚ.ʌ.p.t	ɪ.n.t.ɚ.ʌ.p.t.ɪ.d
d.ʌ.b.ʌ.l	d.ʌ.b.ʌ.l.d
ʌ.b.l.aɪ.dʒ	ʌ.b.l.aɪ.dʒ.d
k.l.ɪ.ŋ	k.l.ʌ.ŋ
l.ɛ.n.d	l.ɛ.n.t
ɪ.k.s.p.l.ɔ.ɹ	ɪ.k.s.p.l.ɔ.ɹ.d
f.l.æ.ʃ	f.l.æ.ʃ.t
oʊ	oʊ.d
f.l.i	f.l.ɛ.d
g.ɹ.ɪ.n	g.ɹ.ɪ.n.d
d.ɪ.z.ɚ.v	d.ɪ.z.ɚ.v.d
oʊ.b.eɪ	oʊ.b.eɪ.d
s.t.ɹ.ɛ.s	s.t.ɹ.ɛ.s.t
k.ʌ.m.p.oʊ.z	k.ʌ.m.p.oʊ.z.d
ɹ.eɪ.n.dʒ	ɹ.eɪ.n.dʒ.d
ʌ.m.j.u.z	ʌ.m.j.u.z.d
k.ʌ.m.p.i.t	k.ʌ.m.p.i.t.ɪ.d
ʌ.dʒ.ʌ.s.t	ʌ.dʒ.ʌ.s.t.ɪ.d
k.ɹ.i.p	k.ɹ.ɛ.p.t
ʌ.p.ɔɪ.n.t	ʌ.p.ɔɪ.n.t.ʌ.d
d.ɪ.f.i.t	d.ɪ.f.i.t.ʌ.d
d.ɪ.m.ɪ.n.ɪ.ʃ	d.ɪ.m.ɪ.n.ɪ.ʃ.t
ʌ.d.æ.p.t	ʌ.d.æ.p.t.ɪ.d
k.ʌ.n.f.ɹ.ʌ.n.t	k.ʌ.n.f.ɹ.ʌ.n.t.ʌ.d
ɪ.n.k.w.aɪ.ɹ	ɪ.n.k.w.aɪ.ɚ.d
p.ɹ.oʊ.t.ɛ.s.t	p.ɹ.ʌ.t.ɛ.s.t.ʌ.d
k.u.l	k.u.l.d
ɪ.m.b.ɛ.ɹ.ʌ.s	ɪ.m.b.ɛ.ɹ.ʌ.s.t
k.æ.p.tʃ.ɚ	k.æ.p.tʃ.ɚ.d
d.ɪ.l.eɪ	d.ɪ.l.eɪ.d
g.aɪ.d	g.aɪ.d.ʌ.d
ɪ.n.t.ɚ.p.ɹ.ʌ.t	ɪ.n.t.ɚ.p.ɹ.ʌ.t.ʌ.d
s.p.ɪ.n	s.p.æ.n
k.ʌ.n.f.ɛ.s	k.ʌ.n.f.ɛ.s.t
t.ɹ.æ.p	t.ɹ.æ.p.t
k.ɹ.ɔ.l	k.ɹ.ɔ.l.d
ɹ.ɪ.z.ɛ.m.b.ʌ.l	ɹ.ɪ.z.ɛ.m.b.ʌ.l.d
n.ʌ.g.l.ɛ.k.t	n.ʌ.g.l.ɛ.k.t.ʌ.d
g.ɹ.æ.s.p	g.ɹ.æ.s.p.t
ɹ.i.z.ɑ.l.v	ɹ.i.z.ɑ.l.v.d
ɹ.ɪ.v.ɚ.s	ɹ.ɪ.v.ɚ.s.t
d.ɪ.s.ɛ.n.d	d.ɪ.s.ɛ.n.d.ʌ.d
d.ɹ.aʊ.n	d.ɹ.aʊ.n.d
ɛ.m.b.ɹ.eɪ.s	ɛ.m.b.ɹ.eɪ.s.t
h.ɛ.ɹ.i	h.ɛ.ɹ.i.d
m.ɚ.d.ɚ	m.ɚ.d.ɚ.d
k.ɑ.m.ɛ.n.t	k.ɑ.m.ɛ.n.t.ʌ.d
ʃ.ɹ.ʌ.g	ʃ.ɹ.ʌ.g.d
w.aʊ.n.d	w.u.n.d.ɪ.d
d.eɪ.t	d.eɪ.t.ɪ.d
p.ɑ.ɹ.k	p.ɑ.ɹ.k.t
ɑ.b.dʒ.ɛ.k.t	ʌ.b.dʒ.ɛ.k.t.ʌ.d
ɪ.v.ɑ.l.v	ɪ.v.ɑ.l.v.d
d.ɪ.t.ɛ.k.t	d.ɪ.t.ɛ.k.t.ʌ.d
m.ɛ.l.t	m.ɛ.l.t.ʌ.d
s.m.æ.ʃ	s.m.æ.ʃ.t
ɪ.n.h.ɛ.ɹ.ʌ.t	ɪ.n.h.ɛ.ɹ.ʌ.t.ɪ.d
ɪ.k.s.tʃ.eɪ.n.dʒ	ɪ.k.s.tʃ.eɪ.n.dʒ.d
b.l.i.d	b.l.ɛ.d
k.ʌ.n.f.aɪ.n	k.ʌ.n.f.aɪ.n.d
d.ɪ.z.aɪ.ɚ	d.ɪ.z.aɪ.ɚ.d
ɹ.u.ʌ.n	ɹ.u.ʌ.n.d
t.æ.k.ʌ.l	t.æ.k.ʌ.l.d
s.k.ɹ.æ.tʃ	s.k.ɹ.æ.tʃ.t
w.ɔ.ɹ.m	w.ɔ.ɹ.m.d
ɪ.n.s.p.aɪ.ɹ	ɪ.n.s.p.aɪ.ɚ.d
p.ɚ.s.ɪ.s.t	p.ɚ.s.ɪ.s.t.ɪ.d
ɚ.aʊ.z	ɚ.aʊ.z.d
k.ʌ.m.j.u.n.ʌ.k.eɪ.t	k.ʌ.m.j.u.n.ʌ.k.eɪ.t.ɪ.d
s.ʌ.b.m.ɪ.t	s.ʌ.b.m.ɪ.t.ʌ.d
f.ʌ.n.æ.n.s	f.ɪ.n.æ.n.s.t
ʌ.s.ɛ.m.b.ʌ.l	ʌ.s.ɛ.m.b.ʌ.l.d
b.l.ɑ.k	b.l.ɑ.k.t
b.ɹ.ʌ.ʃ	b.ɹ.ʌ.ʃ.t
f.l.ɪ.ŋ	f.l.ʌ.ŋ
ɹ.ɪ.z.aɪ.n	ɹ.ɪ.z.aɪ.n.d
b.eɪ.k	b.eɪ.k.t
k.ʌ.n.s.u.m	k.ʌ.n.s.u.m.d
k.ʌ.n.s.ɚ.n	k.ʌ.n.s.ɚ.n.d
p.ʌ.n.ɪ.ʃ	p.ʌ.n.ɪ.ʃ.t
ʌ.s.ɛ.s	ʌ.s.ɛ.s.t
d.ɪ.s.t.ɹ.ɪ.b.j.u.t	d.ɪ.s.t.ɹ.ɪ.b.j.ʌ.t.ʌ.d
s.k.ɔ.ɹ	s.k.ɔ.ɹ.d
d.ɪ.s.l.aɪ.k	d.ɪ.s.l.aɪ.k.t
ɪ.k.s.k.l.u.d	ɪ.k.s.k.l.u.d.ʌ.d
ɹ.ɪ.l.i.v	ɹ.ɪ.l.i.v.d
m.ʌ.t.ɚ	m.ʌ.t.ɚ.d
ɪ.n.v.ɛ.s.t.ʌ.g.eɪ.t	ɪ.n.v.ɛ.s.t.ʌ.g.eɪ.t.ʌ.d
k.ʌ.m.p.ɛ.l	k.ʌ.m.p.ɛ.l.d
s.ʌ.p.ɹ.ɛ.s	s.ʌ.p.ɹ.ɛ.s.t
s.ɛ.l.ʌ.b.ɹ.eɪ.t	s.ɛ.l.ʌ.b.ɹ.eɪ.t.ɪ.d
d.ɪ.f.ɚ	d.ɪ.f.ɚ.d
ʌ.s.ɚ.t	ʌ.s.ɚ.t.ʌ.d
k.ʌ.n.v.eɪ	k.ʌ.n.v.eɪ.d
n.i.l	n.ɛ.l.t
n.i.l	n.ɛ.l.t
s.p.ɑ.t	s.p.ɑ.t.ʌ.d
i.z	i.z.d
f.oʊ.k.ʌ.s	f.oʊ.k.ʌ.s.t
t.eɪ.s.t	t.eɪ.s.t.ʌ.d
oʊ.v.ɚ.l.ʊ.k	oʊ.v.ɚ.l.ʊ.k.t
p.ɹ.ɑ.dʒ.ɛ.k.t	p.ɹ.ɑ.dʒ.ɛ.k.t.ʌ.d
ɪ.n.k.aʊ.n.t.ɚ	ɪ.n.k.aʊ.n.t.ɚ.d
ʌ.p.i.l	ʌ.p.i.l.d
ʌ.w.eɪ.t	ʌ.w.eɪ.t.ɪ.d
ɪ.k.s.p.l.oʊ.d	ɪ.k.s.p.l.oʊ.d.ʌ.d
ɹ.ɛ.k.ʌ.n	ɹ.ɛ.k.ʌ.n.d
f.ɹ.aɪ.t.ʌ.n	f.ɹ.aɪ.t.ʌ.n.d
p.ɚ.s.i.v	p.ɚ.s.i.v.d
ɪ.n.t.ɚ.f.ɪ.ɹ	ɪ.n.t.ɚ.f.ɪ.ɹ.d
j.ɛ.l	j.ɛ.l.d
ɹ.eɪ.s	ɹ.eɪ.s.t
t.ɹ.eɪ.s	t.ɹ.eɪ.s.t
ɹ.ɪ.z.ɛ.n.t	ɹ.i.z.ɛ.n.t.ʌ.d
p.ɑ.ɹ.t.ɪ.s.ʌ.p.eɪ.t	p.ɑ.ɹ.t.ɪ.s.ʌ.p.eɪ.t.ʌ.d
ɹ.ɔ.ɹ	ɹ.ɔ.ɹ.d
k.j.ʊ.ɹ	k.j.ʊ.ɹ.d
s.t.ʌ.f	s.t.ʌ.f.t
æ.n.t.ɪ.s.ʌ.p.eɪ.t	æ.n.t.ɪ.s.ʌ.p.eɪ.t.ʌ.d
f.ɹ.aɪ	f.ɹ.aɪ.d
f.ɛ.tʃ	f.ɛ.tʃ.t
ɹ.i.ɪ.n.f.ɔ.ɹ.s	ɹ.i.ɪ.n.f.ɔ.ɹ.s.t
s.p.ɛ.ɹ	s.p.ɛ.ɹ.d
k.ʌ.m.f.ɚ.t	k.ʌ.m.f.ɚ.t.ɪ.d
f.ɹ.ʌ.s.t.ɹ.eɪ.t	f.ɹ.ʌ.s.t.ɹ.eɪ.t.ʌ.d
ɪ.m.p.ɔ.ɹ.t	ɪ.m.p.ɔ.ɹ.t.ɪ.d
ɪ.n.t.ɚ.v.j.u	ɪ.n.t.ɚ.v.j.u.d
p.ɑ.l.ɪ.ʃ	p.ɑ.l.ɪ.ʃ.t
k.l.ʌ.tʃ	k.l.ʌ.tʃ.t
ɪ.n.s.p.ɛ.k.t	ɪ.n.s.p.ɛ.k.t.ɪ.d
ɹ.i.v.j.u	ɹ.i.v.j.u.d
k.ɹ.ʌ.ʃ	k.ɹ.ʌ.ʃ.t
f.aɪ.l	f.aɪ.l.d
p.aɪ.l	p.aɪ.l.d
k.ʌ.n.f.j.u.z	k.ʌ.n.f.j.u.z.d
t.ʌ.k	t.ʌ.k.t
ɪ.ɹ.ɪ.t.eɪ.t	ɪ.ɹ.ʌ.t.eɪ.t.ʌ.d
f.ɹ.i	f.ɹ.i.d
t.ɛ.l.ʌ.f.oʊ.n	t.ɛ.l.ʌ.f.oʊ.n.d
t.ɹ.eɪ.d	t.ɹ.eɪ.d.ɪ.d
p.ɹ.ʌ.v.oʊ.k	p.ɹ.ʌ.v.oʊ.k.t
ʃ.ɹ.ɪ.ŋ.k	ʃ.ɹ.æ.ŋ.k
ʃ.ɹ.ɪ.ŋ.k	ʃ.ɹ.ʌ.ŋ.k
s.t.ɑ.ɹ.v	s.t.ɑ.ɹ.v.d
s.t.ʌ.m.b.ʌ.l	s.t.ʌ.m.b.ʌ.l.d
tʃ.eɪ.s	tʃ.eɪ.s.t
ʌ.s.ɪ.s.t	ʌ.s.ɪ.s.t.ʌ.d
b.æ.n	b.æ.n.d
tʃ.u	tʃ.u.d
k.ʌ.n.s.i.v	k.ʌ.n.s.i.v.d
n.ʌ.g.oʊ.ʃ.i.eɪ.t	n.ʌ.g.oʊ.ʃ.i.eɪ.t.ʌ.d
s.t.ɹ.ɪ.p	s.t.ɹ.ɪ.p.t
d.ɛ.k.ɚ.eɪ.t	d.ɛ.k.ɚ.eɪ.t.ʌ.d
s.eɪ.l	s.eɪ.l.d
s.t.ɹ.eɪ.n	s.t.ɹ.eɪ.n.d
b.ɪ.t.ɹ.eɪ	b.ɪ.t.ɹ.eɪ.d
p.l.ʌ.n.dʒ	p.l.ʌ.n.dʒ.d
ɹ.ɪ.s.k	ɹ.ɪ.s.k.t
t.ɔ.s	t.ɔ.s.t
t.ɹ.æ.n.z.l.eɪ.t	t.ɹ.æ.n.z.l.eɪ.t.ʌ.d
w.i.k.ʌ.n	w.i.k.ʌ.n.d
k.ɹ.u.z	k.ɹ.u.z.d
p.ɚ.tʃ.ʌ.s	p.ɚ.tʃ.ʌ.s.t
ɪ.n.s.t.ɔ.l	ɪ.n.s.t.ɔ.l.d
s.t.ɪ.m.j.ʌ.l.eɪ.t	s.t.ɪ.m.j.ʌ.l.eɪ.t.ʌ.d
k.ɑ.ɹ.v	k.ɑ.ɹ.v.d
d.ɪ.p.ɑ.ɹ.t	d.ɪ.p.ɑ.ɹ.t.ɪ.d
ʃ.æ.t.ɚ	ʃ.æ.t.ɚ.d
tʃ.ɑ.p	tʃ.ɑ.p.t
b.ɛ.n.ʌ.f.ɪ.t	b.ɛ.n.ʌ.f.ɪ.t.ɪ.d
k.ɚ.ɛ.k.t	k.ɚ.ɛ.k.t.ʌ.d
b.ɛ.t.ɚ	b.ɛ.t.ɚ.d
b.ɹ.i.d	b.ɹ.ɛ.d
ɪ.k.s.k.j.u.s	ɪ.k.s.k.j.u.z.d
g.ʌ.v.ɚ.n	g.ʌ.v.ɚ.n.d
p.ɑ.p	p.ɑ.p.t
d.æ.m	d.æ.m.d
f.l.ɚ.ɪ.ʃ	f.l.ɚ.ɪ.ʃ.t
p.l.i.d	p.l.i.d.ʌ.d
d.ɛ.z.ɚ.t	d.ɪ.z.ɚ.t.ɪ.d
s.i.t	s.i.t.ʌ.d
s.t.ɹ.oʊ.k	s.t.ɹ.oʊ.k.t
k.ɹ.æ.ʃ	k.ɹ.æ.ʃ.t
ɹ.ɪ.z.u.m	ɹ.ɪ.z.u.m.d
t.ɛ.m.p.t	t.ɛ.m.p.t.ʌ.d
d.ɪ.v.aɪ.z	d.ɪ.v.aɪ.z.d
k.ɹ.æ.k	k.ɹ.æ.k.t
ɛ.n.d.j.ʊ.ɹ	ɛ.n.d.j.ʊ.ɹ.d
d.ɪ.z.ɑ.l.v	d.ɪ.z.ɑ.l.v.d
s.t.ɹ.eɪ.t.ʌ.n	s.t.ɹ.eɪ.t.ʌ.n.d
ʌ.s.aɪ.n	ʌ.s.aɪ.n.d
g.ɑ.ɹ.d	g.ɑ.ɹ.d.ʌ.d
j.i.l.d	j.i.l.d.ʌ.d
ɛ.k.oʊ	ɛ.k.oʊ.d
ɹ.ɛ.n.d.ɚ	ɹ.ɛ.n.d.ɚ.d
d.ɪ.s.g.aɪ.z	d.ɪ.s.g.aɪ.z.d
f.ɚ.n.ɪ.ʃ	f.ɚ.n.ɪ.ʃ.t
p.ɹ.ɑ.s.ɛ.s	p.ɹ.ɑ.s.ɛ.s.t
p.l.i.z	p.l.i.z.d
m.ɑ.d.ʌ.f.aɪ	m.ɑ.d.ʌ.f.aɪ.d
ɛ.dʒ.ʌ.k.eɪ.t	ɛ.dʒ.ʌ.k.eɪ.t.ɪ.d
s.i.l	s.i.l.d
s.w.eɪ	s.w.eɪ.d
ʌ.p.ɑ.l.ʌ.dʒ.aɪ.z	ʌ.p.ɑ.l.ʌ.dʒ.aɪ.z.d
s.p.ɪ.l	s.p.ɪ.l.d
s.p.ɪ.l	s.p.ɪ.l.t
ɹ.ɛ.s.k.j.u	ɹ.ɛ.s.k.j.u.d
s.ʌ.m.ʌ.n	s.ʌ.m.ʌ.n.d
k.ɑ.n.t.ʌ.m.p.l.eɪ.t	k.ɑ.n.t.ʌ.m.p.l.eɪ.t.ɪ.d
s.p.ɛ.l	s.p.ɛ.l.d
s.ʌ.s.p.ɛ.n.d	s.ʌ.s.p.ɛ.n.d.ʌ.d
ʌ.n.d.ɚ.g.oʊ	ʌ.n.d.ɚ.w.ɛ.n.t
s.ɪ.v.ʌ.l.aɪ.z	s.ɪ.v.ʌ.l.aɪ.z.d
m.ɚ.m.ɚ	m.ɚ.m.ɚ.d
k.w.ɑ.l.ʌ.f.aɪ	k.w.ɑ.l.ʌ.f.aɪ.d
s.k.ɹ.u	s.k.ɹ.u.d
t.aɪ.t.ʌ.n	t.aɪ.t.ʌ.n.d
ʌ.n.ɔɪ	ʌ.n.ɔɪ.d
b.l.ɛ.s	b.l.ɛ.s.t
ɹ.aʊ.n.d	ɹ.aʊ.n.d.ʌ.d
b.æ.t.ɚ	b.æ.t.ɚ.d
p.ʌ.m.p	p.ʌ.m.p.t
ʌ.l.ɛ.dʒ	ʌ.l.ɛ.dʒ.d
w.ɪ.t.n.ʌ.s	w.ɪ.t.n.ʌ.s.t
ɪ.n.t.ʌ.g.ɹ.eɪ.t	ɪ.n.t.ʌ.g.ɹ.eɪ.t.ʌ.d
ʌ.f.ɛ.n.d	ʌ.f.ɛ.n.d.ʌ.d
ʃ.ɪ.v.ɚ	ʃ.ɪ.v.ɚ.d
p.ɛ.n.ʌ.t.ɹ.eɪ.t	p.ɛ.n.ʌ.t.ɹ.eɪ.t.ʌ.d
s.k.æ.t.ɚ	s.k.æ.t.ɚ.d
d.ɪ.s.k.ɚ.ɪ.dʒ	d.ɪ.s.k.ɚ.ɪ.dʒ.d
s.n.æ.tʃ	s.n.æ.tʃ.t
s.oʊ.k	s.oʊ.k.t
p.ɹ.oʊ.k.l.eɪ.m	p.ɹ.oʊ.k.l.eɪ.m.d
d.ʌ.m.p	d.ʌ.m.p.t
ɹ.i.t.ɹ.i.t	ɹ.i.t.ɹ.i.t.ʌ.d
ʃ.eɪ.p	ʃ.eɪ.p.t
t.ɹ.æ.n.z.m.ɪ.t	t.ɹ.æ.n.s.m.ɪ.t.ɪ.d
b.aɪ.n.d	b.aʊ.n.d
t.aɪ.p	t.aɪ.p.t
p.æ.t	p.æ.t.ʌ.d
p.ɔɪ.z.ʌ.n	p.ɔɪ.z.ʌ.n.d
p.ɹ.eɪ.z	p.ɹ.eɪ.z.d
ʌ.b.ɑ.l.ɪ.ʃ	ʌ.b.ɑ.l.ɪ.ʃ.t
f.ɚ.b.ɪ.d	f.ɚ.b.eɪ.d
f.ɚ.b.ɪ.d	f.ɚ.b.eɪ.d
ɹ.ɪ.n.u	ɹ.ɪ.n.u.d
ʌ.m.eɪ.z	ʌ.m.eɪ.z.d
d.ɪ.p	d.ɪ.p.t
ɛ.k.s.t.ɹ.æ.k.t	ɛ.k.s.t.ɹ.æ.k.t.ɪ.d
g.ɹ.eɪ.z	g.ɹ.eɪ.z.d
h.ʊ.k	h.ʊ.k.t
s.w.ɛ.t	s.w.ɛ.t.ɪ.d
g.l.oʊ	g.l.oʊ.d
s.p.i.d	s.p.i.d.ɪ.d
s.t.æ.m.p	s.t.æ.m.p.t
f.ɹ.aʊ.n	f.ɹ.aʊ.n.d
ɪ.n.s.t.ɹ.ʌ.k.t	ɪ.n.s.t.ɹ.ʌ.k.t.ʌ.d
m.ʌ.m.b.ʌ.l	m.ʌ.m.b.ʌ.l.d
p.ɹ.ɑ.g.ɹ.ɛ.s	p.ɹ.ʌ.g.ɹ.ɛ.s.t
d.ɪ.v.ɔ.ɹ.s	d.ɪ.v.ɔ.ɹ.s.t
f.æ.n.s.i	f.æ.n.s.i.d
ɪ.n.k.ɔ.ɹ.p.ɚ.eɪ.t	ɪ.n.k.ɔ.ɹ.p.ɚ.eɪ.t.ɪ.d
s.l.æ.p	s.l.æ.p.t
ɛ.n.f.ɔ.ɹ.s	ɛ.n.f.ɔ.ɹ.s.t
f.æ.s.ʌ.n.eɪ.t	f.æ.s.ʌ.n.eɪ.t.ʌ.d
ɹ.ɪ.ɹ	ɹ.ɪ.ɹ.d
s.ɪ.p	s.ɪ.p.t
k.ɑ.p.i	k.ɑ.p.i.d
ɹ.ʌ.g.ɹ.ɛ.t	ɹ.ɪ.g.ɹ.ɛ.t.ɪ.d
w.aɪ.n.d	w.aʊ.n.d
f.l.ʌ.d	f.l.ʌ.d.ʌ.d
ɪ.n.d.ʌ.l.dʒ	ɪ.n.d.ʌ.l.dʒ.d
l.eɪ.b.ʌ.l	l.eɪ.b.ʌ.l.d
t.ɪ.p	t.ɪ.p.t
ʌ.k.j.u.m.j.ʌ.l.eɪ.t	ʌ.k.j.u.m.j.ʌ.l.eɪ.t.ɪ.d
k.æ.m.p	k.æ.m.p.t
k.ʌ.n.d.ɪ.ʃ.ʌ.n	k.ʌ.n.d.ɪ.ʃ.ʌ.n.d
ɹ.ɪ.w.ɔ.ɹ.d	ɹ.ɪ.w.ɔ.ɹ.d.ɪ.d
b.æ.ŋ	b.æ.ŋ.d
b.ʊ.k	b.ʊ.k.t
k.æ.n.s.ʌ.l	k.æ.n.s.ʌ.l.d
g.ɪ.g.ʌ.l	g.ɪ.g.ʌ.l.d
g.l.i.m	g.l.i.m.d
b.aʊ.n.s	b.aʊ.n.s.t
ɪ.n.k.l.oʊ.z	ɛ.n.k.l.oʊ.z.d
g.æ.s.p	g.æ.s.p.t
p.l.aʊ	p.l.aʊ.d
k.ɛ.ɹ.ɪ.k.t.ɚ.aɪ.z	k.ɛ.ɹ.ɪ.k.t.ɚ.aɪ.z.d
ʌ.n.d.ɚ.m.aɪ.n	ʌ.n.d.ɚ.m.aɪ.n.d
ɛ.m.p.t.i	ɛ.m.p.t.i.d
ɪ.n.d.u.s	ɪ.n.d.u.s.t
t.æ.p	t.æ.p.t
ʌ.l.ɑ.ɹ.m	ʌ.l.ɑ.ɹ.m.d
p.ɹ.ɑ.p	p.ɹ.ɑ.p.t
b.aʊ	b.aʊ.d
d.ɪ.s.k.ɑ.ɹ.d	d.ɪ.s.k.ɑ.ɹ.d.ɪ.d
æ.d.v.ɚ.t.aɪ.z	æ.d.v.ɚ.t.aɪ.z.d
ɪ.n.v.eɪ.d	ɪ.n.v.eɪ.d.ʌ.d
dʒ.ɚ.k	dʒ.ɚ.k.t
l.oʊ.k.eɪ.t	l.oʊ.k.eɪ.t.ʌ.d
aʊ.t.l.aɪ.n	aʊ.t.l.aɪ.n.d
s.ɚ.p.ɹ.aɪ.z	s.ɚ.p.ɹ.aɪ.z.d
b.eɪ.t	b.eɪ.t.ɪ.d
s.ɚ.ɛ.n.d.ɚ	s.ɚ.ɛ.n.d.ɚ.d
k.ɚ.l	k.ɚ.l.d
k.ɚ.s	k.ɚ.s.t
s.l.æ.m	s.l.æ.m.d
ɹ.eɪ.n	ɹ.eɪ.n.d
ɹ.i.ʌ.ʃ.ʊ.ɹ	ɹ.i.ʌ.ʃ.ʊ.ɹ.d
s.ʌ.b.s.t.ʌ.t.u.t	s.ʌ.b.s.t.ʌ.t.u.t.ʌ.d
b.ɑ.ɹ.g.ʌ.n	b.ɑ.ɹ.g.ʌ.n.d
p.ɪ.n	p.ɪ.n.d
s.p.ɪ.t	s.p.æ.t
tʃ.ɪ.ɹ	tʃ.ɪ.ɹ.d
ɹ.ɪ.v.aɪ.v	ɹ.ɪ.v.aɪ.v.d
s.w.ɛ.l	s.w.ɛ.l.d
æ.k.s.ɛ.l.ɚ.eɪ.t	æ.k.s.ɛ.l.ɚ.eɪ.t.ɪ.d
ʌ.k.ɑ.m.p.l.ɪ.ʃ	ʌ.k.ɑ.m.p.l.ɪ.ʃ.t
k.ɑ.n.t.ɹ.æ.k.t	k.ɑ.n.t.ɹ.æ.k.t.ʌ.d
m.ɪ.s.l.i.d	m.ɪ.s.l.ɛ.d
n.ɛ.ɹ.oʊ	n.ɛ.ɹ.oʊ.d
ɪ.k.s.i.d	ɪ.k.s.i.d.ʌ.d
ɹ.æ.t.ʌ.l	ɹ.æ.t.ʌ.l.d
ʌ.n.l.ɑ.k	ʌ.n.l.ɑ.k.t
h.i.l	h.i.l.d
ɹ.ɪ.p	ɹ.ɪ.p.t
t.ɑ.l.ɚ.eɪ.t	t.ɑ.l.ɚ.eɪ.t.ʌ.d
ʌ.k.ɑ.m.ʌ.d.eɪ.t	ʌ.k.ɑ.m.ʌ.d.eɪ.t.ʌ.d
ɪ.n.ɪ.ʃ.i.eɪ.t	ɪ.n.ɪ.ʃ.i.eɪ.t.ʌ.d
p.ɹ.ʌ.n.aʊ.n.s	p.ɹ.ʌ.n.aʊ.n.s.t
s.k.ɹ.æ.m.b.ʌ.l	s.k.ɹ.æ.m.b.ʌ.l.d
s.t.ɪ.ɹ	s.t.ɪ.ɹ.d
ɹ.i.p.ɹ.ʌ.d.u.s	ɹ.i.p.ɹ.ʌ.d.u.s.t
ɹ.ɑ.b	ɹ.ɑ.b.d
w.ɚ.ʃ.ʌ.p	w.ɚ.ʃ.ʌ.p.t
d.ɪ.s.t.ɔ.ɹ.t	d.ɪ.s.t.ɔ.ɹ.t.ʌ.d
g.ɹ.ɪ.p	g.ɹ.ɪ.p.t
t.ɹ.eɪ.l	t.ɹ.eɪ.l.d
t.ɪ.l.t	t.ɪ.l.t.ʌ.d
d.ɪ.s.p.aɪ.z	d.ɪ.s.p.aɪ.z.d
t.ɹ.ɑ.t	t.ɹ.ɑ.t.ʌ.d
tʃ.oʊ.k	tʃ.oʊ.k.t
ɛ.n.t.ɚ.t.eɪ.n	ɛ.n.t.ɚ.t.eɪ.n.d
d.ɪ.s.ʌ.g.ɹ.i	d.ɪ.s.ʌ.g.ɹ.i.d
d.ɪ.s.p.oʊ.z	d.ɪ.s.p.oʊ.z.d
ɹ.ʌ.k.ɹ.u.t	ɹ.ɪ.k.ɹ.u.t.ɪ.d
d.ɪ.k.ɹ.i.s	d.ɪ.k.ɹ.i.s.t
m.ʌ.l.t.ʌ.p.l.aɪ	m.ʌ.l.t.ʌ.p.l.aɪ.d
ɹ.i.b.ɪ.l.d	ɹ.i.b.ɪ.l.t
k.ʌ.n.s.i.d	k.ʌ.n.s.i.d.ɪ.d
ɹ.ɪ.z.ɚ.v	ɹ.ɪ.z.ɚ.v.d
æ.d.v.ʌ.k.ʌ.t	æ.d.v.ʌ.k.eɪ.t.ɪ.d
p.oʊ.k	p.oʊ.k.t
s.ɚ.v.eɪ	s.ɚ.v.eɪ.d
ɑ.n.ɚ	ɑ.n.ɚ.d
s.æ.k.ɹ.ʌ.f.aɪ.s	s.æ.k.ɹ.ʌ.f.aɪ.s.t
k.ʌ.l.t.ʌ.v.eɪ.t	k.ʌ.l.t.ʌ.v.eɪ.t.ɪ.d
ʌ.t.ɚ	ʌ.t.ɚ.d
tʃ.i.t	tʃ.i.t.ʌ.d
k.ɹ.aʊ.tʃ	k.ɹ.aʊ.tʃ.t
ɛ.n.h.æ.n.s	ɛ.n.h.æ.n.s.t
ɪ.k.s.k.l.eɪ.m	ɪ.k.s.k.l.eɪ.m.d
ɹ.ɑ.k	ɹ.ɑ.k.t
k.eɪ.t.ɚ	k.eɪ.t.ɚ.d
k.ɑ.ŋ.k.ɚ	k.ɑ.ŋ.k.ɚ.d
ʃ.eɪ.v	ʃ.eɪ.v.d
t.i.z	t.i.z.d
ɪ.n.t.ɚ.v.i.n	ɪ.n.t.ɚ.v.i.n.d
s.æ.n.d.w.ɪ.tʃ	s.æ.n.d.w.ɪ.tʃ.t
b.l.ɪ.ŋ.k	b.l.ɪ.ŋ.k.t
h.ɔ.n.t	h.ɔ.n.t.ʌ.d
h.aʊ.s	h.aʊ.z.d
s.k.w.ɛ.ɹ	s.k.w.ɛ.ɹ.d
b.ɪ.w.ɪ.l.d.ɚ	b.ɪ.w.ɪ.l.d.ɚ.d
f.l.ʌ.ʃ	f.l.ʌ.ʃ.t
m.ɑ.n.ʌ.t.ɚ	m.ɑ.n.ʌ.t.ɚ.d
h.ɔ.ɹ.ʌ.f.aɪ	h.ɔ.ɹ.ʌ.f.aɪ.d
ɹ.i.s.t.ɹ.ɪ.k.t	ɹ.i.s.t.ɹ.ɪ.k.t.ʌ.d
s.ɪ.g.n.ʌ.l	s.ɪ.g.n.ʌ.l.d
s.t.eɪ.dʒ	s.t.eɪ.dʒ.d
d.ʌ.p.ɑ.z.ɪ.t	d.ʌ.p.ɑ.z.ɪ.t.ɪ.d
h.i.v	h.i.v.d
ʌ.w.ɔ.ɹ.d	ʌ.w.ɔ.ɹ.d.ɪ.d
ɛ.n.l.ɑ.ɹ.dʒ	ɛ.n.l.ɑ.ɹ.dʒ.d
f.l.ɪ.k.ɚ	f.l.ɪ.k.ɚ.d
w.aɪ.d.ʌ.n	w.aɪ.d.ʌ.n.d
s.t.æ.g.ɚ	s.t.æ.g.ɚ.d
s.t.ɛ.m	s.t.ɛ.m.d
ʌ.s.t.ɑ.n.ɪ.ʃ	ʌ.s.t.ɑ.n.ɪ.ʃ.t
ɹ.eɪ.dʒ	ɹ.eɪ.dʒ.d
t.ɑ.p	t.ɑ.p.t
d.ɪ.s.i.v	d.ɪ.s.i.v.d
h.ɔ.l	h.ɔ.l.d
m.ʌ.n.ɪ.p.j.ʌ.l.eɪ.t	m.ʌ.n.ɪ.p.j.ʌ.l.eɪ.t.ɪ.d
m.oʊ.n	m.oʊ.n.d
ɹ.ɪ.g.eɪ.n	ɹ.i.g.eɪ.n.d
s.t.ɹ.aɪ.v	s.t.ɹ.oʊ.v
k.ɑ.n.t.æ.k.t	k.ɑ.n.t.æ.k.t.ɪ.d
p.ʌ.z.ʌ.l	p.ʌ.z.ʌ.l.d
ʌ.t.eɪ.n	ʌ.t.eɪ.n.d
w.ɪ.p	w.ɪ.p.t
d.ɪ.k.t.eɪ.t	d.ɪ.k.t.eɪ.t.ɪ.d
f.ɔ.ɹ.m.j.ʌ.l.eɪ.t	f.ɔ.ɹ.m.j.ʌ.l.eɪ.t.ʌ.d
f.ʌ.ŋ.k.ʃ.ʌ.n	f.ʌ.ŋ.k.ʃ.ʌ.n.d
ɪ.m.p.l.ʌ.m.ʌ.n.t	ɪ.m.p.l.ʌ.m.ɛ.n.t.ʌ.d
v.ɛ.n.tʃ.ɚ	v.ɛ.n.tʃ.ɚ.d
p.ɹ.i.tʃ	p.ɹ.i.tʃ.t
ɹ.i.s.t.ɹ.eɪ.n	ɹ.i.s.t.ɹ.eɪ.n.d
s.t.ɹ.oʊ.l	s.t.ɹ.oʊ.l.d
d.æ.ʃ	d.æ.ʃ.t
ɪ.g.z.æ.dʒ.ɚ.eɪ.t	ɪ.g.z.æ.dʒ.ɚ.eɪ.t.ʌ.d
ɛ.k.s.ʌ.k.j.u.t	ɛ.k.s.ʌ.k.j.u.t.ɪ.d
f.ʌ.n.d	f.ʌ.n.d.ʌ.d
ʃ.ʌ.d.ɚ	ʃ.ʌ.d.ɚ.d
d.æ.z.ʌ.l	d.æ.z.ʌ.l.d
ɹ.ɪ.k.w.ɛ.s.t	ɹ.ɪ.k.w.ɛ.s.t.ɪ.d
b.oʊ.l	b.oʊ.l.d
ɪ.g.z.ɚ.t	ɪ.g.z.ɚ.t.ɪ.d
f.l.æ.t.ɚ	f.l.æ.t.ɚ.d
s.n.ɪ.f	s.n.ɪ.f.t
k.ɑ.m	k.ɑ.m.d
k.æ.m.p.eɪ.n	k.æ.m.p.eɪ.n.d
g.ɹ.æ.dʒ.ʌ.w.ʌ.t	g.ɹ.æ.dʒ.u.eɪ.t.ɪ.d
w.ɪ.s.ʌ.l	w.ɪ.s.ʌ.l.d
f.ɹ.eɪ.m	f.ɹ.eɪ.m.d
b.ɑ.m	b.ɑ.m.d
d.aɪ.v	d.aɪ.v.d
ɛ.n.v.ɪ.z.ɪ.dʒ	ɛ.n.v.ɪ.z.ɪ.dʒ.d
f.l.ʌ.t.ɚ	f.l.ʌ.t.ɚ.d
s.aʊ	s.aʊ.d
s.t.ɹ.aɪ.d	s.t.ɹ.oʊ.d
k.l.æ.s.p	k.l.æ.s.p.t
h.ɚ.l	h.ɚ.l.d
k.ɑ.f	k.ɔ.f.t
h.æ.m.ɚ	h.æ.m.ɚ.d
ɪ.m.ʌ.t.eɪ.t	ɪ.m.ʌ.t.eɪ.t.ɪ.d
p.ɹ.ɪ.s.i.d	p.ɹ.ɪ.s.i.d.ɪ.d
k.ɚ.v	k.ɚ.v.d
s.k.ɹ.eɪ.p	s.k.ɹ.eɪ.p.t
h.ɔ.l.t	h.ɔ.l.t.ʌ.d
ɛ.n.v.i	ɛ.n.v.i.d
s.u	s.u.d
m.ɑ.ɹ.k.ʌ.t	m.ɑ.ɹ.k.ʌ.t.ʌ.d
eɪ.k	eɪ.k.t
ʌ.d.ɔ.ɹ	ʌ.d.ɔ.ɹ.d
s.ɚ.k.j.ʌ.l.eɪ.t	s.ɚ.k.j.ʌ.l.eɪ.t.ʌ.d
ɪ.ɹ.ɛ.k.t	ɪ.ɹ.ɛ.k.t.ʌ.d
ɪ.g.z.ɪ.b.ɪ.t	ɪ.g.z.ɪ.b.ʌ.t.ʌ.d
s.t.ʌ.n	s.t.ʌ.n.d
b.l.ɚ	b.l.ɚ.d
k.ɑ.m.p.ʌ.n.s.eɪ.t	k.ɑ.m.p.ʌ.n.s.eɪ.t.ʌ.d
g.l.ɛ.ɹ	g.l.ɛ.ɹ.d
p.ɹ.oʊ.g.ɹ.æ.m	p.ɹ.oʊ.g.ɹ.æ.m.d
d.aɪ.v.ɚ.t	d.aɪ.v.ɚ.t.ɪ.d
s.ʌ.b.dʒ.ɛ.k.t	s.ʌ.b.dʒ.ɛ.k.t.ɪ.d
t.ɹ.ɛ.d	t.ɹ.ɑ.d
ɪ.n.t.ɹ.i.g	ɪ.n.t.ɹ.i.g.d
l.ɛ.v.ʌ.l	l.ɛ.v.ʌ.l.d
l.ɪ.ŋ.g.ɚ	l.ɪ.ŋ.g.ɚ.d
ʃ.ʌ.v	ʃ.ʌ.v.d
h.ʌ.v.ɚ	h.ʌ.v.ɚ.d
n.æ.ʃ.ʌ.n.ʌ.l.aɪ.z	n.æ.ʃ.ʌ.n.ʌ.l.aɪ.z.d
s.t.eɪ.n	s.t.eɪ.n.d
θ.ɹ.aɪ.v	θ.ɹ.aɪ.v.d
ʌ.w.eɪ.k.ʌ.n	ʌ.w.eɪ.k.ʌ.n.d
aɪ.s.ʌ.l.eɪ.t	aɪ.s.ʌ.l.eɪ.t.ʌ.d
m.ɚ.dʒ	m.ɚ.dʒ.d
f.oʊ.t.ʌ.g.ɹ.æ.f	f.oʊ.t.ʌ.g.ɹ.æ.f.t
p.ɹ.ɑ.m.p.t	p.ɹ.ɑ.m.p.t.ʌ.d
s.ʌ.b.s.ɪ.d.aɪ.z	s.ʌ.b.s.ɪ.d.aɪ.z.d
b.oʊ.s.t	b.oʊ.s.t.ʌ.d
d.ʌ.b.eɪ.t	d.ʌ.b.eɪ.t.ɪ.d
f.ɔ.ɹ.s.i	f.ɔ.ɹ.s.ɔ
ʃ.ʌ.f.ʌ.l	ʃ.ʌ.f.ʌ.l.d
ʌ.d.m.ɪ.n.ɪ.s.t.ɚ	ʌ.d.m.ɪ.n.ɪ.s.t.ɚ.d
k.ʌ.n.f.ɔ.ɹ.m	k.ʌ.n.f.ɔ.ɹ.m.d
p.oʊ.s.t.p.oʊ.n	p.oʊ.s.t.p.oʊ.n.d
tʃ.æ.t	tʃ.æ.t.ʌ.d
k.aʊ.n.t.ɚ	k.aʊ.n.t.ɚ.d
d.ɑ.ɹ.k.ʌ.n	d.ɑ.ɹ.k.ʌ.n.d
d.ɪ.p.ɪ.k.t	d.ɪ.p.ɪ.k.t.ʌ.d
d.ɹ.ɪ.l	d.ɹ.ɪ.l.d
ɹ.ɑ.t	ɹ.ɑ.t.ɪ.d
s.l.aɪ.s	s.l.aɪ.s.t
k.l.æ.p	k.l.æ.p.t
ɹ.ɪ.p.ɛ.ɹ	ɹ.ɪ.p.ɛ.ɹ.d
ʃ.ɹ.i.k	ʃ.ɹ.i.k.t
ɪ.k.s.aɪ.t	ɪ.k.s.aɪ.t.ʌ.d
ɛ.m.b.ɑ.ɹ.k	ɛ.m.b.ɑ.ɹ.k.t
ɪ.n.h.æ.b.ʌ.t	ɪ.n.h.æ.b.ʌ.t.ʌ.d
s.t.ɹ.æ.ŋ.g.ʌ.l	s.t.ɹ.æ.ŋ.g.ʌ.l.d
s.t.ɹ.ʌ.k.tʃ.ɚ	s.t.ɹ.ʌ.k.tʃ.ɚ.d
d.ɪ.n.aʊ.n.s	d.ɪ.n.aʊ.n.s.t
ɪ.n.s.ɚ.t	ɪ.n.s.ɚ.t.ʌ.d
p.ɹ.ɪ.z.u.m	p.ɹ.ʌ.z.u.m.d
p.ɹ.ɪ.v.eɪ.l	p.ɹ.ɪ.v.eɪ.l.d
p.ɹ.ʌ.s.k.ɹ.aɪ.b	p.ɹ.i.s.k.ɹ.aɪ.b.d
s.p.ɹ.ɪ.ŋ.k.ʌ.l	s.p.ɹ.ɪ.ŋ.k.ʌ.l.d
d.ɪ.f.aɪ	d.ɪ.f.aɪ.d
d.ɪ.p.l.ɔɪ	d.ɪ.p.l.ɔɪ.d
h.ʌ.g	h.ʌ.g.d
k.ɪ.d	k.ɪ.d.ɪ.d
s.t.ɹ.i.m	s.t.ɹ.i.m.d
k.oʊ.ɑ.p.ɚ.eɪ.t	k.oʊ.ɑ.p.ɚ.eɪ.t.ʌ.d
dʒ.oʊ.k	dʒ.oʊ.k.t
b.ʌ.l.dʒ	b.ʌ.l.dʒ.d
s.ɚ.k.ʌ.l	s.ɚ.k.ʌ.l.d
s.oʊ	s.oʊ.d
k.ʌ.m.p.ɹ.aɪ.z	k.ʌ.m.p.ɹ.aɪ.z.d
g.ɹ.oʊ.n	g.ɹ.oʊ.n.d
t.ʌ.m.b.ʌ.l	t.ʌ.m.b.ʌ.l.d
h.j.u.m.ɪ.l.i.eɪ.t	h.j.u.m.ɪ.l.i.eɪ.t.ɪ.d
dʒ.æ.m	dʒ.æ.m.d
t.ɹ.æ.k	t.ɹ.æ.k.t
ɹ.oʊ.t.eɪ.t	ɹ.oʊ.t.eɪ.t.ɪ.d
s.m.u.ð	s.m.u.ð.d
s.t.æ.k	s.t.æ.k.t
ɪ.n.f.ɛ.k.t	ɪ.n.f.ɛ.k.t.ɪ.d
k.ɹ.ʌ.m.b.ʌ.l	k.ɹ.ʌ.m.b.ʌ.l.d
l.ɪ.k	l.ɪ.k.t
s.k.ɛ.dʒ.ʊ.l	s.k.ɛ.dʒ.ʊ.l.d
t.ɔ.ɹ.tʃ.ɚ	t.ɔ.ɹ.tʃ.ɚ.d
l.ɪ.b.ɚ.eɪ.t	l.ɪ.b.ɚ.eɪ.t.ɪ.d
b.l.ʌ.ʃ	b.l.ʌ.ʃ.t
s.ɑ.b	s.ɑ.b.d
t.u.n	t.u.n.d
ɪ.k.s.p.ɛ.l	ɪ.k.s.p.ɛ.l.d
f.l.æ.p	f.l.æ.p.t
l.ɛ.k.tʃ.ɚ	l.ɛ.k.tʃ.ɚ.d
b.ʌ.m.p	b.ʌ.m.p.t
s.aɪ.t	s.aɪ.t.ʌ.d
p.eɪ.s	p.eɪ.s.t
s.t.i.m	s.t.i.m.d
t.ʌ.g	t.ʌ.g.d
b.u.m	b.u.m.d
ɪ.m.p.ɹ.ɪ.z.ʌ.n	ɪ.m.p.ɹ.ɪ.z.ʌ.n.d
p.ɹ.ɪ.z.aɪ.d	p.ɹ.ɪ.z.aɪ.d.ɪ.d
v.æ.l.j.u	v.æ.l.j.u.d
k.oʊ.ɪ.n.s.aɪ.d	k.oʊ.ʌ.n.s.aɪ.d.ʌ.d
k.ɹ.æ.m	k.ɹ.æ.m.d
k.ɹ.ɪ.p.ʌ.l	k.ɹ.ɪ.p.ʌ.l.d
d.u.m	d.u.m.d
f.i.tʃ.ɚ	f.i.tʃ.ɚ.d
h.ɪ.n.t	h.ɪ.n.t.ʌ.d
s.p.ɛ.k.j.ʌ.l.eɪ.t	s.p.ɛ.k.j.ʌ.l.eɪ.t.ʌ.d
ɹ.ɪ.ŋ.k.ʌ.l	ɹ.ɪ.ŋ.k.ʌ.l.d
k.ɔ.ɹ.ʌ.s.p.ɑ.n.d	k.ɔ.ɹ.ʌ.s.p.ɑ.n.d.ɪ.d
d.ɪ.s.t.ɹ.ɛ.s	d.ɪ.s.t.ɹ.ɛ.s.t
f.ɔ.ɹ.k.æ.s.t	f.ɔ.ɹ.k.æ.s.t.ɪ.d
g.l.ɪ.t.ɚ	g.l.ɪ.t.ɚ.d
s.k.ɹ.ʌ.b	s.k.ɹ.ʌ.b.d
m.oʊ.t.ʌ.v.eɪ.t	m.oʊ.t.ʌ.v.eɪ.t.ʌ.d
ɹ.eɪ.p	ɹ.eɪ.p.t
f.æ.s.ʌ.n	f.æ.s.ʌ.n.d
p.ɚ.tʃ	p.ɚ.tʃ.t
p.ɪ.tʃ	p.ɪ.tʃ.t
p.ʌ.n.tʃ	p.ʌ.n.tʃ.t
ɪ.n.s.ʌ.l.t	ɪ.n.s.ʌ.l.t.ɪ.d
l.i.k	l.i.k.t
s.ɛ.n.t.ʌ.n.s	s.ɛ.n.t.ʌ.n.s.t
ʌ.n.d.ɚ.l.aɪ.n	ʌ.n.d.ɚ.l.aɪ.n.d
d.ɪ.t.ɚ	d.ɪ.t.ɚ.d
ʌ.b.s.ɛ.s	ʌ.b.s.ɛ.s.t
d.ɹ.ɪ.p	d.ɹ.ɪ.p.t
w.ɚ.l	w.ɚ.l.d
ɹ.ɛ.k	ɹ.ɛ.k.t
ɛ.k.s.p.ɔ.ɹ.t	ɪ.k.s.p.ɔ.ɹ.t.ʌ.d
b.ɑ.ɹ.k	b.ɑ.ɹ.k.t
b.ɹ.u.d	b.ɹ.u.d.ɪ.d
k.ɑ.n.t.ɹ.æ.s.t	k.ʌ.n.t.ɹ.æ.s.t.ʌ.d
d.ɛ.d.ʌ.k.eɪ.t	d.ɛ.d.ʌ.k.eɪ.t.ʌ.d
h.ɑ.ɹ.m	h.ɑ.ɹ.m.d
ɪ.n.dʒ.ɚ	ɪ.n.dʒ.ɚ.d
m.ɪ.ŋ.g.ʌ.l	m.ɪ.ŋ.g.ʌ.l.d
s.ɔ.ɹ	s.ɔ.ɹ.d
s.p.ɛ.ʃ.ʌ.l.aɪ.z	s.p.ɛ.ʃ.ʌ.l.aɪ.z.d
s.p.l.æ.ʃ	s.p.l.æ.ʃ.t
s.p.ɹ.eɪ	s.p.ɹ.eɪ.d
k.ɑ.n.v.ɪ.k.t	k.ʌ.n.v.ɪ.k.t.ʌ.d
ɪ.k.w.ɪ.p	ɪ.k.w.ɪ.p.t
h.ɑ.ɹ.d.ʌ.n	h.ɑ.ɹ.d.ʌ.n.d
g.ɹ.oʊ.p	g.ɹ.oʊ.p.t
ɹ.i.s.aɪ.k.ʌ.l	ɹ.i.s.aɪ.k.ʌ.l.d
ɹ.i.h.ɚ.s	ɹ.i.h.ɚ.s.t
t.w.ɪ.tʃ	t.w.ɪ.tʃ.t
d.ɪ.s.p.ɚ.s	d.ɪ.s.p.ɚ.s.t
h.æ.n.d.i.k.æ.p	h.æ.n.d.i.k.æ.p.t
h.aʊ.l	h.aʊ.l.d
ɪ.l.u.m.ɪ.n.ɪ.t	ɪ.l.u.m.ʌ.n.eɪ.t.ʌ.d
k.l.ɛ.n.tʃ	k.l.ɛ.n.tʃ.t
ɛ.n.d.ɔ.ɹ.s	ɛ.n.d.ɔ.ɹ.s.t
p.æ.n.t	p.æ.n.t.ɪ.d
s.æ.k	s.æ.k.t
s.w.ɚ.l	s.w.ɚ.l.d
d.æ.ŋ.g.ʌ.l	d.æ.ŋ.g.ʌ.l.d
ɚ.ɪ.dʒ.ʌ.n.eɪ.t	ɚ.ɪ.dʒ.ʌ.n.eɪ.t.ʌ.d
ɹ.ʌ.f.ɔ.ɹ.m	ɹ.ɪ.f.ɔ.ɹ.m.d
ɛ.n.t.eɪ.l	ɪ.n.t.eɪ.l.d
m.ɪ.l.k	m.ɪ.l.k.t
p.i.l	p.i.l.d
p.ɑ.n.d.ɚ	p.ɑ.n.d.ɚ.d
k.ɑ.m.p.ɹ.ɛ.s	k.ʌ.m.p.ɹ.ɛ.s.t
f.ɔ.ɹ.dʒ	f.ɔ.ɹ.dʒ.d
h.ɑ.ɹ.v.ʌ.s.t	h.ɑ.ɹ.v.ʌ.s.t.ɪ.d
m.ɑ.k	m.ɑ.k.t
s.p.ɛ.s.ʌ.f.aɪ	s.p.ɛ.s.ʌ.f.aɪ.d
l.u.m	l.u.m.d
p.ɹ.ɑ.s.ʌ.k.j.u.t	p.ɹ.ɑ.s.ɪ.k.j.u.t.ɪ.d
t.ɪ.k	t.ɪ.k.t
ʌ.n.d.u	ʌ.n.d.ɪ.d
tʃ.ɪ.l	tʃ.ɪ.l.d
ɪ.n.d.ʌ.s.t.ɹ.i.ʌ.l.aɪ.z	ɪ.n.d.ʌ.s.t.ɹ.i.ʌ.l.aɪ.z.d
ɪ.n.t.ɛ.n.s.ɪ.f.aɪ	ɪ.n.t.ɛ.n.s.ɪ.f.aɪ.d
oʊ.m.ɪ.t	oʊ.m.ɪ.t.ʌ.d
s.ɑ.f.ʌ.n	s.ɔ.f.ʌ.n.d
k.ʌ.n.f.ɚ	k.ʌ.n.f.ɚ.d
d.ɪ.s.ʌ.p.l.ʌ.n	d.ɪ.s.ʌ.p.l.ʌ.n.d
d.ɪ.s.t.ɹ.æ.k.t	d.ɪ.s.t.ɹ.æ.k.t.ʌ.d
ɪ.n.h.ɪ.b.ʌ.t	ɪ.n.h.ɪ.b.ʌ.t.ɪ.d
m.ɪ.n.ʌ.m.aɪ.z	m.ɪ.n.ʌ.m.aɪ.z.d
ɹ.i.z.ʌ.n	ɹ.i.z.ʌ.n.d
s.p.ɑ.n.s.ɚ	s.p.ɑ.n.s.ɚ.d
b.ɔ.ɹ.d	b.ɔ.ɹ.d.ʌ.d
f.l.æ.t.ʌ.n	f.l.æ.t.ʌ.n.d
n.ɪ.t	n.ɪ.t.ʌ.d
p.ɪ.n.tʃ	p.ɪ.n.tʃ.t
s.ʌ.p.l.ʌ.m.ʌ.n.t	s.ʌ.p.l.ʌ.m.ɛ.n.t.ɪ.d
m.ɪ.s.t.eɪ.k	m.ɪ.s.t.ʊ.k
n.ʌ.m.b.ɚ	n.ʌ.m.b.ɚ.d
ɹ.ɪ.t.ɹ.i.v	ɹ.i.t.ɹ.i.v.d
s.k.ɪ.p	s.k.ɪ.p.t
w.eɪ.l	w.eɪ.l.d
eɪ.d	eɪ.d.ɪ.d
ɛ.dʒ	ɛ.dʒ.d
d.ɪ.s.p.ɛ.n.s	d.ɪ.s.p.ɛ.n.s.t
t.ɛ.s.t.ɪ.f.aɪ	t.ɛ.s.t.ɪ.f.aɪ.d
w.i.l	w.i.l.d
k.ɹ.ʌ.m.p.ʌ.l	k.ɹ.ʌ.m.p.ʌ.l.d
ɹ.ɛ.k.ʌ.n.s.aɪ.l	ɹ.ɛ.k.ʌ.n.s.aɪ.l.d
ɹ.oʊ.s.t	ɹ.oʊ.s.t.ʌ.d
s.k.æ.n	s.k.æ.n.d
s.p.ɹ.ɔ.l	s.p.ɹ.ɔ.l.d
b.æ.t.ʌ.l	b.æ.t.ʌ.l.d
d.w.ɛ.l	d.w.ɛ.l.d
g.ɹ.ʌ.n.t	g.ɹ.ʌ.n.t.ɪ.d
oʊ.v.ɚ.w.ɛ.l.m	oʊ.v.ɚ.w.ɛ.l.m.d
s.ɪ.g.n.ʌ.f.aɪ	s.ɪ.g.n.ʌ.f.aɪ.d
t.ɹ.ɪ.g.ɚ	t.ɹ.ɪ.g.ɚ.d
ʌ.p.l.ɔ.d	ʌ.p.l.ɔ.d.ɪ.d
b.eɪ.ð	b.eɪ.ð.d
k.l.ɪ.k	k.l.ɪ.k.t
k.ʌ.n.g.ɹ.æ.tʃ.ʌ.l.eɪ.t	k.ʌ.n.g.ɹ.æ.tʃ.ʌ.l.eɪ.t.ɪ.d
d.w.ɪ.n.d.ʌ.l	d.w.ɪ.n.d.ʌ.l.d
ɪ.v.oʊ.k	ɪ.v.oʊ.k.t
l.u.s.ʌ.n	l.u.s.ʌ.n.d
n.æ.g	n.æ.g.d
θ.ɹ.ɪ.l	θ.ɹ.ɪ.l.d
ʌ.l.ɚ.t	ʌ.l.ɚ.t.ɪ.d
d.eɪ.z	d.eɪ.z.d
dʒ.ɛ.s.tʃ.ɚ	dʒ.ɛ.s.tʃ.ɚ.d
ɹ.ɛ.g.j.ʌ.l.eɪ.t	ɹ.ɛ.g.j.ʌ.l.eɪ.t.ʌ.d
ɹ.aʊ.s	ɹ.aʊ.z.d
b.i.m	b.i.m.d
k.l.æ.s.ʌ.f.aɪ	k.l.æ.s.ʌ.f.aɪ.d
d.ɪ.s.tʃ.ɑ.ɹ.dʒ	d.ɪ.s.tʃ.ɑ.ɹ.dʒ.d
ɛ.d.ʌ.t	ɛ.d.ʌ.t.ʌ.d
ɪ.m.b.ɑ.d.i	ɪ.m.b.ɑ.d.i.d
ɪ.k.s.p.ɛ.ɹ.ʌ.m.ʌ.n.t	ɪ.k.s.p.ɛ.ɹ.ʌ.m.ʌ.n.t.ʌ.d
p.aʊ.n.d	p.aʊ.n.d.ɪ.d
k.oʊ.m	k.oʊ.m.d
ʌ.b.s.k.j.ʊ.ɹ	ʌ.b.s.k.j.ʊ.ɹ.d
p.ʌ.f	p.ʌ.f.t
k.l.oʊ.ð	k.l.oʊ.ð.d
ɪ.ɹ.oʊ.d	ɪ.ɹ.oʊ.d.ʌ.d
f.ɛ.l	f.ɛ.l.d
w.ɔ.t.ɚ	w.ɔ.t.ɚ.d
ʌ.s.ɔ.l.t	ʌ.s.ɔ.l.t.ɪ.d
b.ʊ.l.i	b.ʊ.l.i.d
tʃ.ɛ.ɹ.ɪ.ʃ	tʃ.ɛ.ɹ.ɪ.ʃ.t
d.ɪ.s.ʌ.p.ɹ.u.v	d.ɪ.s.ʌ.p.ɹ.u.v.d
f.ɪ.l.t.ɚ	f.ɪ.l.t.ɚ.d
g.l.ɪ.s.ʌ.n	g.l.ɪ.s.ʌ.n.d
h.ɪ.s	h.ɪ.s.t
h.ʌ.d.ʌ.l	h.ʌ.d.ʌ.l.d
p.ɔ.ɹ.t.ɹ.eɪ	p.ɔ.ɹ.t.ɹ.eɪ.d
s.ɪ.m.ɚ	s.ɪ.m.ɚ.d
j.u.n.ʌ.f.aɪ	j.u.n.ʌ.f.aɪ.d
b.l.aɪ.n.d	b.l.aɪ.n.d.ɪ.d
f.ʌ.m.b.ʌ.l	f.ʌ.m.b.ʌ.l.d
h.eɪ.s.ʌ.n	h.eɪ.s.ʌ.n.d
oʊ.v.ɚ.t.eɪ.k	oʊ.v.ɚ.t.ʊ.k
ʃ.ɑ.ɹ.p.ʌ.n	ʃ.ɑ.ɹ.p.ʌ.n.d
s.t.aɪ.f.ʌ.l	s.t.aɪ.f.ʌ.l.d
d.ɪ.k.eɪ	d.ɪ.k.eɪ.d
f.u.l	f.u.l.d
m.oʊ.b.ʌ.l.aɪ.z	m.oʊ.b.ʌ.l.aɪ.z.d
p.æ.d	p.æ.d.ʌ.d
s.t.ɛ.ɹ.ʌ.l.aɪ.z	s.t.ɛ.ɹ.ʌ.l.aɪ.z.d
t.æ.ŋ.g.ʌ.l	t.æ.ŋ.g.ʌ.l.d
k.ʌ.n.t.ɛ.n.d	k.ʌ.n.t.ɛ.n.d.ɪ.d
d.ɹ.ɛ.d	d.ɹ.ɛ.d.ɪ.d
f.ɪ.l.m	f.ɪ.l.m.d
h.ɑ.p	h.ɑ.p.t
l.ɚ.k	l.ɚ.k.t
ɹ.ɪ.v.aɪ.z	ɹ.ɪ.v.aɪ.z.d
s.i.z.ʌ.n	s.i.z.ʌ.n.d
s.t.ɑ.k	s.t.ɑ.k.t
ɛ.s.k.ɔ.ɹ.t	ɛ.s.k.ɔ.ɹ.t.ɪ.d
f.l.ɛ.ɹ	f.l.ɛ.ɹ.d
m.æ.s.t.ɚ	m.æ.s.t.ɚ.d
p.ʌ.l.u.t	p.ʌ.l.u.t.ʌ.d
p.ɹ.oʊ.b	p.ɹ.oʊ.b.d
ʃ.ɛ.l.t.ɚ	ʃ.ɛ.l.t.ɚ.d
w.ɪ.ð.ɚ	w.ɪ.ð.ɚ.d
b.ɹ.u.z	b.ɹ.u.z.d
d.ʌ.s.t	d.ʌ.s.t.ɪ.d
h.ʌ.n.tʃ	h.ʌ.n.tʃ.t
l.æ.ʃ	l.æ.ʃ.t
n.ɚ.s	n.ɚ.s.t
ɹ.ɪ.s.i.d	ɹ.ʌ.s.i.d.ʌ.d
s.u.p.ɚ.v.aɪ.z	s.u.p.ɚ.v.aɪ.z.d
t.ɹ.æ.n.s.ɛ.n.d	t.ɹ.æ.n.s.ɛ.n.d.ɪ.d
t.ɹ.ɪ.m	t.ɹ.ɪ.m.d
ʌ.n.d.ɚ.ɛ.s.t.ʌ.m.eɪ.t	ʌ.n.d.ɚ.ɛ.s.t.ʌ.m.eɪ.t.ɪ.d
eɪ.dʒ	eɪ.dʒ.d
eɪ.l.j.ʌ.n.eɪ.t	eɪ.l.i.ʌ.n.eɪ.t.ɪ.d
d.ɑ.ɹ.t	d.ɑ.ɹ.t.ɪ.d
d.aɪ.dʒ.ɛ.s.t	d.aɪ.dʒ.ɛ.s.t.ɪ.d
ɪ.v.æ.l.j.u.eɪ.t	ɪ.v.æ.l.j.u.eɪ.t.ʌ.d
g.ɹ.ʌ.m.b.ʌ.l	g.ɹ.ʌ.m.b.ʌ.l.d
m.ɛ.n.d	m.ɛ.n.d.ɪ.d
p.l.ʌ.k	p.l.ʌ.k.t
s.æ.g	s.æ.g.d
s.ɪ.d.u.s	s.ɪ.d.u.s.t
s.t.ɪ.ŋ	s.t.ʌ.ŋ
ɑ.ɹ.tʃ	ɑ.ɹ.tʃ.t
k.ʌ.m.ɪ.ʃ.ʌ.n	k.ʌ.m.ɪ.ʃ.ʌ.n.d
ɹ.ʌ.s.aɪ.t	ɹ.ʌ.s.aɪ.t.ʌ.d
s.t.ɔ.k	s.t.ɔ.k.t
j.u.n.aɪ.t	j.u.n.aɪ.t.ʌ.d
b.u.s.t	b.u.s.t.ɪ.d
s.ɛ.n.t.ɹ.ʌ.l.aɪ.z	s.ɛ.n.t.ɹ.ʌ.l.aɪ.z.d
m.ʌ.tʃ.ʊ.ɹ	m.ʌ.t.j.ʊ.ɹ.d
s.k.ɹ.i.n	s.k.ɹ.i.n.d
ʌ.n.d.ɹ.ɛ.s	ʌ.n.d.ɹ.ɛ.s.t
w.eɪ.d	w.eɪ.d.ɪ.d
d.ɪ.v.aʊ.ɚ	d.ɪ.v.aʊ.ɚ.d
d.ɹ.u.p	d.ɹ.u.p.t
s.ɪ.m.b.ʌ.l.aɪ.z	s.ɪ.m.b.ʌ.l.aɪ.z.d
b.l.ɛ.n.d	b.l.ɛ.n.d.ɪ.d
p.l.ɑ.t	p.l.ɑ.t.ʌ.d
ɹ.i.ʌ.p.ɪ.ɹ	ɹ.i.ʌ.p.ɪ.ɹ.d
k.ʌ.p.ʌ.l	k.ʌ.p.ʌ.l.d
ʌ.p.ɹ.ɛ.s	ʌ.p.ɹ.ɛ.s.t
p.ʌ.z.ɪ.ʃ.ʌ.n	p.ʌ.z.ɪ.ʃ.ʌ.n.d
ʃ.ɑ.p	ʃ.ɑ.p.t
s.ʌ.m.ɚ.aɪ.z	s.ʌ.m.ɚ.aɪ.z.d
æ.l.ʌ.k.eɪ.t	æ.l.ʌ.k.eɪ.t.ɪ.d
b.l.æ.k	b.l.æ.k.t
k.ɹ.i.k	k.ɹ.i.k.t
ɛ.n.d.eɪ.n.dʒ.ɚ	ɛ.n.d.eɪ.n.dʒ.ɚ.d
ɪ.v.æ.p.ɚ.eɪ.t	ɪ.v.æ.p.ɚ.eɪ.t.ʌ.d
h.ɚ.æ.s	h.ɚ.æ.s.t
t.ɔ.ɹ.m.ɛ.n.t	t.ɔ.ɹ.m.ɛ.n.t.ɪ.d
ʌ.w.eɪ.k	ʌ.w.oʊ.k
b.ɛ.k.ʌ.n	b.ɛ.k.ʌ.n.d
ɪ.n.v.oʊ.k	ɪ.n.v.oʊ.k.t
p.oʊ.s.t	p.oʊ.s.t.ɪ.d
s.t.ɔ.ɹ.m	s.t.ɔ.ɹ.m.d
d.ɪ.s.ɹ.ʌ.p.t	d.ɪ.s.ɹ.ʌ.p.t.ɪ.d
k.l.ɛ.ɹ.ʌ.f.aɪ	k.l.ɛ.ɹ.ʌ.f.aɪ.d
p.ɪ.ɹ.s	p.ɪ.ɹ.s.t
ʃ.ɔ.ɹ.t.ʌ.n	ʃ.ɔ.ɹ.t.ʌ.n.d
s.ʌ.b.s.aɪ.d	s.ʌ.b.s.aɪ.d.ɪ.d
w.ɪ.ŋ.k	w.ɪ.ŋ.k.t
d.ɪ.s.ɪ.n.t.ʌ.g.ɹ.eɪ.t	d.ɪ.s.ɪ.n.t.ʌ.g.ɹ.eɪ.t.ɪ.d
d.aɪ	d.aɪ.d
l.ɛ.s.ʌ.n	l.ɛ.s.ʌ.n.d
ɹ.i.p.eɪ	ɹ.i.p.eɪ.d
s.aɪ.l.ʌ.n.s	s.aɪ.l.ʌ.n.s.t
s.w.ɔ.ɹ.m	s.w.ɔ.ɹ.m.d
t.ɹ.æ.m.p.ʌ.l	t.ɹ.æ.m.p.ʌ.l.d
k.l.æ.m.b.ɚ	k.l.æ.m.b.ɚ.d
d.ɪ.s.k.l.oʊ.z	d.ɪ.s.k.l.oʊ.z.d
p.aɪ.ʌ.n.ɪ.ɹ	p.aɪ.ʌ.n.ɪ.ɹ.d
ɹ.ɪ.z.ɔ.ɹ.t	ɹ.ɪ.z.ɔ.ɹ.t.ɪ.d
s.t.æ.b	s.t.æ.b.d
d.ɪ.g.ɹ.eɪ.d	d.ɪ.g.ɹ.eɪ.d.ʌ.d
m.æ.k.s.ʌ.m.aɪ.z	m.æ.k.s.ʌ.m.aɪ.z.d
oʊ.v.ɚ.k.ɹ.aʊ.d	oʊ.v.ɚ.k.ɹ.aʊ.d.ɪ.d
v.ɑ.l.ʌ.n.t.ɪ.ɹ	v.ɑ.l.ʌ.n.t.ɪ.ɹ.d
ɹ.ɛ.s.ʌ.l	ɹ.ɛ.s.ʌ.l.d
ɔ.θ.ɚ.aɪ.z	ɔ.θ.ɚ.aɪ.z.d
s.ɔɪ.l	s.ɔɪ.l.d
t.aɪ.ɚ	t.aɪ.ɚ.d
æ.ŋ.g.ɚ	æ.ŋ.g.ɚ.d
ʌ.v.ɚ.t	ʌ.v.ɚ.t.ʌ.d
k.ɑ.m.p.aʊ.n.d	k.ʌ.m.p.aʊ.n.d.ʌ.d
k.ɑ.m.p.ɹ.i.h.ɛ.n.d	k.ɑ.m.p.ɹ.ɪ.h.ɛ.n.d.ɪ.d
d.i.p.ʌ.n	d.i.p.ʌ.n.d
m.ɪ.s.ʌ.n.d.ɚ.s.t.æ.n.d	m.ɪ.s.ʌ.n.d.ɚ.s.t.ʊ.d
m.ʌ.f.ʌ.l	m.ʌ.f.ʌ.l.d
aʊ.t.ɹ.eɪ.dʒ	aʊ.t.ɹ.eɪ.dʒ.d
s.k.ɪ.m	s.k.ɪ.m.d
t.ɹ.ɪ.k.ʌ.l	t.ɹ.ɪ.k.ʌ.l.d
ʌ.n.f.oʊ.l.d	ʌ.n.f.oʊ.l.d.ʌ.d
tʃ.æ.n.t	tʃ.æ.n.t.ɪ.d
k.ɹ.ɑ.p	k.ɹ.ɑ.p.t
ɪ.n.t.ʌ.ɹ.ɛ.s.t	ɪ.n.t.ʌ.ɹ.ɛ.s.t.ɪ.d
b.ʌ.z	b.ʌ.z.d
k.ɹ.aʊ.d	k.ɹ.aʊ.d.ʌ.d
ɪ.n.s.u	ɪ.n.s.u.d
ɪ.v.eɪ.d	ɪ.v.eɪ.d.ɪ.d
g.ɹ.eɪ.d	g.ɹ.eɪ.d.ʌ.d
m.ɛ.s	m.ɛ.s.t
p.ʌ.l.i.s	p.ʌ.l.i.s.t
j.ɔ.n	j.ɔ.n.d
k.ɑ.m.p.l.ʌ.k.eɪ.t	k.ɑ.m.p.l.ʌ.k.eɪ.t.ʌ.d
l.ɪ.t.ɚ	l.ɪ.t.ɚ.d
p.ɹ.oʊ.h.ɪ.b.ʌ.t	p.ɹ.oʊ.h.ɪ.b.ʌ.t.ʌ.d
s.k.ɛ.ɹ	s.k.ɛ.ɹ.d
s.t.u.p	s.t.u.p.t
d.ɪ.m.ɑ.l.ɪ.ʃ	d.ɪ.m.ɑ.l.ɪ.ʃ.t
d.ɪ.s.p.l.eɪ.s	d.ɪ.s.p.l.eɪ.s.t
d.ɹ.eɪ.p	d.ɹ.eɪ.p.t
t.ɹ.æ.n.s.p.ɔ.ɹ.t	t.ɹ.æ.n.s.p.ɔ.ɹ.t.ʌ.d
ɛ.n.ɹ.ɪ.tʃ	ɛ.n.ɹ.ɪ.tʃ.t
l.ɑ.dʒ	l.ɑ.dʒ.d
b.æ.f.ʌ.l	b.æ.f.ʌ.l.d
k.ɑ.n.t.ɹ.ʌ.d.ɪ.k.t	k.ɑ.n.t.ɹ.ʌ.d.ɪ.k.t.ʌ.d
d.ɪ.t.ɪ.ɹ.i.ɚ.eɪ.t	d.ɪ.t.ɪ.ɹ.i.ɚ.eɪ.t.ɪ.d
n.ɚ.ɪ.ʃ	n.ɚ.ɪ.ʃ.t
ɹ.oʊ.m	ɹ.oʊ.m.d
θ.ɹ.æ.ʃ	θ.ɹ.æ.ʃ.t
j.u.t.ʌ.l.aɪ.z	j.u.t.ʌ.l.aɪ.z.d
v.aɪ.ʌ.l.eɪ.t	v.aɪ.ʌ.l.eɪ.t.ɪ.d
b.l.eɪ.z	b.l.eɪ.z.d
d.aʊ.n	d.aʊ.n.d
f.l.aʊ.ɚ	f.l.aʊ.ɚ.d
p.æ.k.ʌ.dʒ	p.æ.k.ɪ.dʒ.d
p.ʌ.b.l.ɪ.s.aɪ.z	p.ʌ.b.l.ɪ.s.aɪ.z.d
ɹ.ɛ.b.ʌ.l	ɹ.ɪ.b.ɛ.l.d
s.u.ð	s.u.ð.d
d.ɛ.z.ʌ.g.n.eɪ.t	d.ɛ.z.ɪ.g.n.eɪ.t.ɪ.d
h.eɪ.l	h.eɪ.l.d
m.eɪ.t	m.eɪ.t.ɪ.d
ɹ.eɪ.d	ɹ.eɪ.d.ɪ.d
s.ɛ.v.ɚ	s.ɛ.v.ɚ.d
k.ʌ.n.s.ɑ.l.ɪ.d.eɪ.t	k.ʌ.n.s.ɑ.l.ʌ.d.eɪ.t.ʌ.d
d.ɪ.p.l.ɔ.ɹ	d.ɪ.p.l.ɔ.ɹ.d
ɪ.m.ɪ.t	ɪ.m.ɪ.t.ʌ.d
s.ɪ.m.p.l.ʌ.f.aɪ	s.ɪ.m.p.l.ʌ.f.aɪ.d
ʌ.s.p.aɪ.ɹ	ʌ.s.p.aɪ.ɹ.d
m.æ.g.n.ʌ.f.aɪ	m.æ.g.n.ʌ.f.aɪ.d
s.l.ʌ.m.p	s.l.ʌ.m.p.t
b.l.æ.s.t	b.l.æ.s.t.ʌ.d
b.ʌ.t.ʌ.n	b.ʌ.t.ʌ.n.d
k.ʌ.n.f.aɪ.d	k.ʌ.n.f.aɪ.d.ɪ.d
d.oʊ.z	d.oʊ.z.d
f.ʌ.s.ɪ.l.ʌ.t.eɪ.t	f.ʌ.s.ɪ.l.ʌ.t.eɪ.t.ɪ.d
k.ɪ.d.n.æ.p	k.ɪ.d.n.æ.p.t
l.ɚ.tʃ	l.ɚ.tʃ.t
ɹ.æ.ŋ.k	ɹ.æ.ŋ.k.t
s.l.ɔ.t.ɚ	s.l.ɔ.t.ɚ.d
s.p.ɹ.aʊ.t	s.p.ɹ.aʊ.t.ʌ.d
f.æ.ʃ.ʌ.n	f.æ.ʃ.ʌ.n.d
oʊ.v.ɚ.l.æ.p	oʊ.v.ɚ.l.æ.p.t
s.t.eɪ.ʃ.ʌ.n	s.t.eɪ.ʃ.ʌ.n.d
θ.ɪ.n	θ.ɪ.n.d
t.ɹ.ɪ.p	t.ɹ.ɪ.p.t
ɔ.l.t.ɚ.n.ʌ.t	ɔ.l.t.ɚ.n.eɪ.t.ʌ.d
d.ɪ.p.ɹ.ɛ.s	d.ɪ.p.ɹ.ɛ.s.t
dʒ.ɛ.n.ɚ.ʌ.l.aɪ.z	dʒ.ɛ.n.ɚ.ʌ.l.aɪ.z.d
ɹ.eɪ.n	ɹ.eɪ.n.d
s.k.u.p	s.k.u.p.t
d.ʌ.k	d.ʌ.k.t
m.æ.n.ʌ.f.ɛ.s.t	m.æ.n.ʌ.f.ɛ.s.t.ʌ.d
ɹ.i.v.ɑ.l.v	ɹ.i.v.ɑ.l.v.d
ʌ.b.j.u.s	ʌ.b.j.u.z.d
k.ɑ.k	k.ɑ.k.t
f.l.ɪ.p	f.l.ɪ.p.t
g.ɪ.ɹ	g.ɪ.ɹ.d
ʌ.n.k.ʌ.v.ɚ	ʌ.n.k.ʌ.v.ɚ.d
ʌ.n.l.oʊ.d	ʌ.n.l.oʊ.d.ʌ.d
ʌ.ʃ.ɚ	ʌ.ʃ.ɚ.d
w.ɪ.s.k	w.ɪ.s.k.t
w.i.l.d	w.i.l.d.ɪ.d
ʌ.s.ɛ.n.d	ʌ.s.ɛ.n.d.ʌ.d
b.ʌ.b.ʌ.l	b.ʌ.b.ʌ.l.d
k.æ.ʃ	k.æ.ʃ.t
ɹ.ɛ.l.ɪ.ʃ	ɹ.ɛ.l.ɪ.ʃ.t
s.k.ɹ.ɪ.b.ʌ.l	s.k.ɹ.ɪ.b.ʌ.l.d
θ.ʌ.m.p	θ.ʌ.m.p.t
w.ɪ.θ.h.oʊ.l.d	w.ɪ.θ.h.ɛ.l.d
ɪ.f.ɛ.k.t	ɪ.f.ɛ.k.t.ʌ.d
f.ɪ.d.ʌ.l	f.ɪ.d.ʌ.l.d
h.ʌ.ʃ	h.ʌ.ʃ.t
m.æ.n	m.æ.n.d
n.oʊ.t.ʌ.f.aɪ	n.oʊ.t.ʌ.f.aɪ.d
p.l.ʌ.g	p.l.ʌ.g.d
s.m.ʌ.ð.ɚ	s.m.ʌ.ð.ɚ.d
ɹ.ɪ.ŋ	ɹ.ʌ.ŋ
ɹ.ɪ.k.ɚ	ɹ.i.k.ɚ.d
k.ʌ.m.p.j.u.t	k.ʌ.m.p.j.u.t.ʌ.d
ɛ.n.l.ɪ.s.t	ɛ.n.l.ɪ.s.t.ɪ.d
p.ɛ.ɹ.ɪ.ʃ	p.ɛ.ɹ.ɪ.ʃ.t
ɹ.ɪ.f.ɹ.eɪ.n	ɹ.ɪ.f.ɹ.eɪ.n.d
s.n.ɑ.ɹ.l	s.n.ɑ.ɹ.ʌ.l.d
v.ɪ.ʒ.w.ʌ.l.aɪ.z	v.ɪ.ʒ.w.ʌ.l.aɪ.z.d
d.ɪ.s.p.æ.tʃ	d.ɪ.s.p.æ.tʃ.t
ɪ.m.b.ɹ.ɔɪ.d.ɚ	ɛ.m.b.ɹ.ɔɪ.d.ɚ.d
f.eɪ.n.t	f.eɪ.n.t.ɪ.d
l.ɪ.m.p	l.ɪ.m.p.t
w.ɪ.θ.s.t.æ.n.d	w.ɪ.θ.s.t.ʊ.d
æ.v.ɚ.ɪ.dʒ	æ.v.ɹ.ɪ.dʒ.d
k.ʌ.n.s.ɚ.v	k.ʌ.n.s.ɚ.v.d
g.l.aɪ.d	g.l.aɪ.d.ɪ.d
h.aɪ.l.aɪ.t	h.aɪ.l.aɪ.t.ɪ.d
ɹ.æ.l.i	ɹ.æ.l.i.d
ʃ.ɪ.m.ɚ	ʃ.ɪ.m.ɚ.d
θ.ɪ.k.ʌ.n	θ.ɪ.k.ʌ.n.d
k.ɚ.ɛ.s	k.ɚ.ɛ.s.t
k.l.ʌ.s.t.ɚ	k.l.ʌ.s.t.ɚ.d
d.ɪ.s.k.ɹ.ɪ.m.ʌ.n.eɪ.t	d.ɪ.s.k.ɹ.ɪ.m.ʌ.n.eɪ.t.ʌ.d
ɛ.n.tʃ.æ.n.t	ɛ.n.tʃ.æ.n.t.ɪ.d
s.t.ɛ.d.i	s.t.ɛ.d.i.d
b.æ.n.ɪ.ʃ	b.æ.n.ɪ.ʃ.t
tʃ.ʌ.k.ʌ.l	tʃ.ʌ.k.ʌ.l.d
k.oʊ.t	k.oʊ.t.ʌ.d
k.ɹ.aʊ.n	k.ɹ.aʊ.n.d
f.ɑ.ɹ.m	f.ɑ.ɹ.m.d
ʌ.s.ɪ.m.ʌ.l.eɪ.t	ʌ.s.ɪ.m.ʌ.l.eɪ.t.ɪ.d
b.æ.t	b.æ.t.ɪ.d
k.ɑ.m.p.ɹ.ʌ.m.aɪ.z	k.ɑ.m.p.ɹ.ʌ.m.aɪ.z.d
d.ɑ.t	d.ɑ.t.ʌ.d
ɪ.n.g.ʌ.l.f	ɪ.n.g.ʌ.l.f.t
ɛ.n.ɹ.eɪ.dʒ	ɛ.n.ɹ.eɪ.dʒ.d
s.l.æ.ʃ	s.l.æ.ʃ.t
w.i.n	w.i.n.d
b.ʌ.g	b.ʌ.g.d
k.ʌ.m.p.l.aɪ	k.ʌ.m.p.l.aɪ.d
k.ɹ.ɛ.d.ʌ.t	k.ɹ.ɛ.d.ʌ.t.ʌ.d
ɛ.n.d.aʊ	ɛ.n.d.aʊ.d
h.ɑ.ɹ.n.ʌ.s	h.ɑ.ɹ.n.ʌ.s.t
ɪ.n.k.ɚ	ɪ.n.k.ɚ.d
n.eɪ.l	n.eɪ.l.d
ʃ.i.l.d	ʃ.i.l.d.ɪ.d
s.m.ɪ.ɹ	s.m.ɪ.ɹ.d
k.ʌ.n.t.ɹ.aɪ.v	k.ʌ.n.t.ɹ.aɪ.v.d
d.ɪ.s.p.j.u.t	d.ɪ.s.p.j.u.t.ʌ.d
l.ɛ.ŋ.θ.ʌ.n	l.ɛ.ŋ.θ.ʌ.n.d
s.t.ɹ.eɪ	s.t.ɹ.eɪ.d
ʌ.p.h.oʊ.l.d	ʌ.p.h.ɛ.l.d
ɹ.ɛ.n.tʃ	ɹ.ɛ.n.tʃ.t
b.oʊ.l.t	b.oʊ.l.t.ʌ.d
k.ɚ.ʌ.p.t	k.ɚ.ʌ.p.t.ɪ.d
s.aɪ.k.ʌ.l	s.aɪ.k.ʌ.l.d
d.ɔ.n	d.ɔ.n.d
g.æ.l.ʌ.p	g.æ.l.ʌ.p.t
ɪ.n.dʒ.ɛ.k.t	ɪ.n.dʒ.ɛ.k.t.ʌ.d
m.ɔ.ɹ.n	m.ɔ.ɹ.n.d
p.ɹ.ɑ.d	p.ɹ.ɑ.d.ɪ.d
w.eɪ.v.ɚ	w.eɪ.v.ɚ.d
b.æ.θ	b.eɪ.ð.d
b.ɹ.ɔ.d.ʌ.n	b.ɹ.ɔ.d.ʌ.n.d
d.ɪ.t.ɛ.s.t	d.ɪ.t.ɛ.s.t.ɪ.d
d.ɪ.s.ɹ.ɪ.g.ɑ.ɹ.d	d.ɪ.s.ɹ.ɪ.g.ɑ.ɹ.d.ɪ.d
aɪ	aɪ.d
f.ʌ.s	f.ʌ.s.t
g.ɹ.aʊ.l	g.ɹ.aʊ.l.d
oʊ.v.ɚ.h.i.ɹ	oʊ.v.ɚ.h.ɚ.d
s.k.ɛ.tʃ	s.k.ɛ.tʃ.t
s.n.i.k	s.n.i.k.t
f.æ.n	f.æ.n.d
g.l.ɪ.m.p.s	g.l.ɪ.m.p.s.t
h.aɪ.t.ʌ.n	h.aɪ.t.ʌ.n.d
n.ɚ.tʃ.ɚ	n.ɚ.tʃ.ɚ.d
p.æ.n.ɪ.k	p.æ.n.ɪ.k.t
s.eɪ.f.g.ɑ.ɹ.d	s.eɪ.f.g.ɑ.ɹ.d.ɪ.d
ʃ.eɪ.d	ʃ.eɪ.d.ɪ.d
ʌ.f.ɪ.l.i.eɪ.t	ʌ.f.ɪ.l.i.eɪ.t.ɪ.d
b.aʊ.n.d	b.aʊ.n.d.ʌ.d
b.ɹ.u	b.ɹ.u.d
d.aɪ.ʌ.g.n.oʊ.s	d.aɪ.ʌ.g.n.oʊ.s.t
d.ɪ.f.ɚ.ɛ.n.ʃ.i.eɪ.t	d.ɪ.f.ɚ.ɛ.n.ʃ.i.eɪ.t.ɪ.d
g.ɹ.i.s	g.ɹ.i.s.t
h.æ.k	h.æ.k.t
h.ɪ.p.n.ʌ.t.aɪ.z	h.ɪ.p.n.ʌ.t.aɪ.z.d
m.ʌ.t.ɪ.ɹ.i.ʌ.l.aɪ.z	m.ʌ.t.ɪ.ɹ.i.ʌ.l.aɪ.z.d
s.m.æ.k	s.m.æ.k.t
s.t.oʊ.n	s.t.oʊ.n.d
s.ʌ.k.ʌ.m	s.ʌ.k.ʌ.m.d
θ.ʌ.n.d.ɚ	θ.ʌ.n.d.ɚ.d
b.ɑ.ɹ	b.ɑ.ɹ.d
b.ɹ.eɪ.s	b.ɹ.eɪ.s.t
tʃ.eɪ.n	tʃ.eɪ.n.d
ɪ.ɹ.ʌ.p.t	i.ɹ.ʌ.p.t.ɪ.d
p.ɹ.ɑ.s.p.ɚ	p.ɹ.ɑ.s.p.ɚ.d
s.t.ɪ.f.ʌ.n	s.t.ɪ.f.ʌ.n.d
k.ɔ.ɹ.t	k.ɔ.ɹ.t.ɪ.d
d.i.m	d.i.m.d
d.ɹ.æ.f.t	d.ɹ.æ.f.t.ɪ.d
ɪ.m.b.ɛ.d	ɛ.m.b.ɛ.d.ɪ.d
ɹ.eɪ.d.i.eɪ.t	ɹ.eɪ.d.i.eɪ.t.ɪ.d
ɹ.ɪ.dʒ.ɔɪ.s	ɹ.ɪ.dʒ.ɔɪ.s.t
w.ɛ.l.d	w.ɛ.l.d.ɪ.d
k.l.ɔ	k.l.ɔ.d
k.ʌ.n.v.ɚ.dʒ	k.ʌ.n.v.ɚ.dʒ.d
f.i.l.d	f.i.l.d.ɪ.d
g.ɹ.ɪ.l	g.ɹ.ɪ.l.d
ɪ.n.s.ʌ.l.eɪ.t	ɪ.n.s.ʌ.l.eɪ.t.ʌ.d
f.eɪ.z	f.eɪ.z.d
s.t.ɹ.æ.p	s.t.ɹ.æ.p.t
ʌ.f.ɚ.m	ʌ.f.ɚ.m.d
ʌ.s.t.aʊ.n.d	ʌ.s.t.aʊ.n.d.ɪ.d
k.oʊ.tʃ	k.oʊ.tʃ.t
k.ɑ.n.s.oʊ.l	k.ʌ.n.s.oʊ.l.d
d.ɪ.s.m.æ.n.t.ʌ.l	d.ɪ.s.m.æ.n.t.ʌ.l.d
m.ɪ.l	m.ɪ.l.d
s.l.ɪ.ŋ	s.l.ʌ.ŋ
s.ɚ.dʒ	s.ɚ.dʒ.d
æ.n.ʌ.m.ʌ.t	æ.n.ʌ.m.eɪ.t.ɪ.d
b.ɑ.t.ʌ.l	b.ɑ.t.ʌ.l.d
k.ʌ.l.ɚ	k.ʌ.l.ɚ.d
m.ɑ.p	m.ɑ.p.t
p.ɹ.aɪ.s	p.ɹ.aɪ.s.t
ɹ.eɪ.k	ɹ.eɪ.k.t
s.m.ʌ.g.ʌ.l	s.m.ʌ.g.ʌ.l.d
s.w.ɑ.p	s.w.ɑ.p.t
j.ɚ.n	j.ɚ.n.d
ʌ.f.l.ɪ.k.t	ʌ.f.l.ɪ.k.t.ɪ.d
d.ɪ.t.eɪ.l	d.ɪ.t.eɪ.l.d
p.ɚ.p.ɛ.tʃ.ʌ.w.eɪ.t	p.ɚ.p.ɛ.tʃ.ʌ.w.eɪ.t.ɪ.d
ɑ.ɹ.m	ɑ.ɹ.m.d
b.ɔ.ɹ.d.ɚ	b.ɔ.ɹ.d.ɚ.d
tʃ.ɪ.p	tʃ.ɪ.p.t
d.ɪ.s.ɑ.ɹ.m	d.ɪ.s.ɑ.ɹ.m.d
ɛ.s.k.ʌ.l.eɪ.t	ɛ.s.k.ʌ.l.eɪ.t.ɪ.d
f.l.ɑ.p	f.l.ɑ.p.t
h.i.p	h.i.p.t
m.ʌ.s.t.ɚ	m.ʌ.s.t.ɚ.d
p.ɑ.p.j.ʌ.l.eɪ.t	p.ɑ.p.j.ʌ.l.eɪ.t.ʌ.d
ɹ.i.p.ɹ.ɛ.s	ɹ.i.p.ɹ.ɛ.s.t
ʃ.aʊ.ɚ	ʃ.aʊ.ɚ.d
s.w.u.p	s.w.u.p.t
t.ʊ.ɹ	t.ʊ.ɹ.d
w.ɪ.n.s	w.ɪ.n.s.t
b.aɪ.p.æ.s	b.aɪ.p.æ.s.t
d.ɪ.t.æ.tʃ	d.ɪ.t.æ.tʃ.t
ɪ.m.p.ɑ.ɹ.t	ɪ.m.p.ɑ.ɹ.t.ɪ.d
l.oʊ.ð	l.oʊ.ð.d
n.ɪ.ɹ	n.ɪ.ɹ.d
oʊ.v.ɚ.d.u	oʊ.v.ɚ.d.ɪ.d
p.l.ɛ.dʒ	p.l.ɛ.dʒ.d
ɹ.ɪ.p.ʌ.l	ɹ.ɪ.p.ʌ.l.d
s.æ.l.v.ʌ.dʒ	s.æ.l.v.ɪ.dʒ.d
ʌ.d.h.ɪ.ɹ	æ.d.h.ɪ.ɹ.d
b.æ.ŋ.k	b.æ.ŋ.k.t
b.l.ɑ.t	b.l.ɑ.t.ʌ.d
k.ʌ.m.p.aɪ.l	k.ʌ.m.p.aɪ.l.d
k.ɹ.æ.k.ʌ.l	k.ɹ.æ.k.ʌ.l.d
d.ɪ.d.u.s	d.ɪ.d.u.s.t
f.ɔ.l.t.ɚ	f.ɑ.l.t.ɚ.d
h.ɑ.b.ʌ.l	h.ɑ.b.ʌ.l.d
ɹ.i.k.ʌ.n.s.t.ɹ.ʌ.k.t	ɹ.i.k.ʌ.n.s.t.ɹ.ʌ.k.t.ɪ.d
s.k.aʊ.l	s.k.aʊ.l.d
t.æ.k.s	t.æ.k.s.t
ʌ.l.ɑ.t	ʌ.l.ɑ.t.ɪ.d
k.l.aʊ.d	k.l.aʊ.d.ɪ.d
d.ɹ.ʌ.m	d.ɹ.ʌ.m.d
ɛ.l.ʌ.v.eɪ.t	ɛ.l.ʌ.v.eɪ.t.ɪ.d
ɹ.ʌ.f.aɪ.n	ɹ.ʌ.f.aɪ.n.d
s.t.ɹ.ɪ.ŋ	s.t.ɹ.ʌ.ŋ
s.ɪ.m.p.ʌ.θ.aɪ.z	s.ɪ.m.p.ʌ.θ.aɪ.z.d
t.ɑ.p.ʌ.l	t.ɑ.p.ʌ.l.d
æ.k.t.ʌ.v.eɪ.t	æ.k.t.ɪ.v.eɪ.t.ɪ.d
b.ɪ.w.ɪ.tʃ	b.ɪ.w.ɪ.tʃ.t
k.ɑ.l.ʌ.n.aɪ.z	k.ɑ.l.ʌ.n.aɪ.z.d
k.ʌ.n.t.æ.m.ʌ.n.eɪ.t	k.ʌ.n.t.æ.m.ʌ.n.eɪ.t.ʌ.d
d.aɪ.l.u.t	d.aɪ.l.u.t.ʌ.d
f.aɪ.n	f.aɪ.n.d
g.l.eɪ.z	g.l.eɪ.z.d
ɪ.n.k.l.aɪ.n	ɪ.n.k.l.aɪ.n.d
ɪ.n.t.ɪ.m.ɪ.d.eɪ.t	ɪ.n.t.ɪ.m.ɪ.d.eɪ.t.ɪ.d
n.ɑ.m.ʌ.n.ʌ.t	n.ɑ.m.ʌ.n.eɪ.t.ʌ.d
ɹ.i.l	ɹ.i.l.d
ɹ.ɪ.n.aʊ.n.s	ɹ.ɪ.n.aʊ.n.s.t
s.k.ɹ.i.tʃ	s.k.ɹ.i.tʃ.t
s.ʌ.b.s.k.ɹ.aɪ.b	s.ʌ.b.s.k.ɹ.aɪ.b.d
t.ɚ.m	t.ɚ.m.d
k.ɑ.n.t.ɛ.n.t	k.ʌ.n.t.ɛ.n.t.ʌ.d
k.ɚ.b	k.ɚ.b.d
f.l.æ.ŋ.k	f.l.æ.ŋ.k.t
f.ʌ.k	f.ʌ.k.t
l.ʊ.ɹ	l.ʊ.ɹ.d
n.ʌ.dʒ	n.ʌ.dʒ.d
p.ɹ.ʌ.l.ɔ.ŋ	p.ɹ.ʌ.l.ɔ.ŋ.d
s.k.oʊ.l.d	s.k.oʊ.l.d.ʌ.d
d.ɪ.s.g.ʌ.s.t	d.ɪ.s.g.ʌ.s.t.ʌ.d
f.l.ɪ.n.tʃ	f.l.ɪ.n.tʃ.t
f.ɔ.ɹ.t.ɪ.f.aɪ	f.ɔ.ɹ.t.ʌ.f.aɪ.d
n.ɑ.t	n.ɑ.t.ɪ.d
m.æ.s.k	m.æ.s.k.t
aʊ.t.w.eɪ	aʊ.t.w.eɪ.d
p.ɚ.f.ɛ.k.t	p.ɚ.f.ɛ.k.t.ʌ.d
p.u.l	p.u.l.d
s.t.ɑ.ɹ	s.t.ɑ.ɹ.d
w.u	w.u.d
b.ɹ.aɪ.b	b.ɹ.aɪ.b.d
k.ʌ.l.aɪ.d	k.ʌ.l.aɪ.d.ɪ.d
g.ɹ.u.p	g.ɹ.u.p.t
ɪ.m.p.ɛ.ɹ	ɪ.m.p.ɛ.ɹ.d
ɪ.n.h.eɪ.l	ɪ.n.h.eɪ.l.d
ɪ.n.t.ɚ.s.ɛ.p.t	ɪ.n.t.ɚ.s.ɛ.p.t.ʌ.d
m.ʌ.d.ʌ.l	m.ʌ.d.ʌ.l.d
oʊ.v.ɚ.t.ɚ.n	oʊ.v.ɚ.t.ɚ.n.d
p.eɪ.t.ɹ.ʌ.n.aɪ.z	p.eɪ.t.ɹ.ʌ.n.aɪ.z.d
p.æ.t.ɚ.n	p.æ.t.ɚ.n.d
s.t.ɑ.ɹ.tʃ	s.t.ɑ.ɹ.tʃ.t
s.ʌ.f.aɪ.s	s.ʌ.f.aɪ.s.t
w.ɑ.b.ʌ.l	w.ɑ.b.ʌ.l.d
b.ɛ.l.oʊ	b.ɛ.l.oʊ.d
f.l.ɛ.k.s	f.l.ɛ.k.s.t
f.j.u.z	f.j.u.z.d
ɪ.m.p.ɑ.v.ɹ.ɪ.ʃ	ɪ.m.p.ɑ.v.ɹ.ɪ.ʃ.t
n.ɪ.b.ʌ.l	n.ɪ.b.ʌ.l.d
p.ɪ.k.tʃ.ɚ	p.ɪ.k.tʃ.ɚ.d
ɹ.ɪ.t.æ.l.i.eɪ.t	ɹ.ɪ.t.æ.l.i.eɪ.t.ɪ.d
æ.l.aɪ	ʌ.l.aɪ.d
b.l.æ.k.ʌ.n	b.l.æ.k.ʌ.n.d
b.ɹ.ɪ.s.ʌ.l	b.ɹ.ɪ.s.ʌ.l.d
k.l.ʌ.t.ɚ	k.l.ʌ.t.ɚ.d
k.ɔɪ.l	k.ɔɪ.l.d
d.ɪ.t.eɪ.n	d.ɪ.t.eɪ.n.d
d.ɪ.s.p.ɛ.l	d.ɪ.s.p.ɛ.l.d
g.ʌ.l.p	g.ʌ.l.p.t
h.æ.tʃ	h.æ.tʃ.t
h.ɪ.tʃ	h.ɪ.tʃ.t
dʒ.ɑ.s.ʌ.l	dʒ.ɑ.s.ʌ.l.d
p.ɹ.aɪ	p.ɹ.aɪ.d
ɹ.ɪ.d.i.m	ɹ.ɪ.d.i.m.d
ɹ.ɪ.f.ɹ.ɛ.ʃ	ɹ.i.f.ɹ.ɛ.ʃ.t
θ.w.ɔ.ɹ.t	θ.w.ɔ.ɹ.t.ʌ.d
æ.ŋ.k.ɚ	æ.ŋ.k.ɚ.d
k.ʌ.n.s.ɛ.n.t	k.ʌ.n.s.ɛ.n.t.ɪ.d
k.ɹ.eɪ.v	k.ɹ.eɪ.v.d
ɪ.l.æ.b.ɹ.ʌ.t	ɪ.l.æ.b.ɚ.eɪ.t.ʌ.d
ɪ.n.t.ɹ.u.d	ɪ.n.t.ɹ.u.d.ʌ.d
m.ɑ.d.ɚ.n.aɪ.z	m.ɑ.d.ɚ.n.aɪ.z.d
p.ɹ.ɑ.f.ʌ.t	p.ɹ.ɑ.f.ʌ.t.ʌ.d
s.p.ɑ.n	s.p.ɔ.n.d
tʃ.ɚ.n	tʃ.ɚ.n.d
ɪ.n.æ.k.t	ɛ.n.æ.k.t.ʌ.d
ɪ.n.g.ɹ.eɪ.v	ɪ.n.g.ɹ.eɪ.v.d
ɪ.g.z.ɪ.l.ɚ.eɪ.t	ɪ.g.z.ɪ.l.ɚ.eɪ.t.ɪ.d
f.ɹ.ɛ.t	f.ɹ.ɛ.t.ɪ.d
h.æ.m.p.ɚ	h.æ.m.p.ɚ.d
ɹ.ʌ.f.ʌ.l	ɹ.ʌ.f.ʌ.l.d
b.ɪ.h.oʊ.l.d	b.i.h.ɛ.l.d
k.oʊ.k.s	k.oʊ.k.s.t
k.ɑ.n.t.ɛ.s.t	k.ʌ.n.t.ɛ.s.t.ʌ.d
s.n.ɪ.ɹ	s.n.ɪ.ɹ.d
s.p.aɪ	s.p.aɪ.d
s.t.æ.f	s.t.æ.f.t
s.t.oʊ.k	s.t.oʊ.k.t
s.ʌ.f.ʌ.k.eɪ.t	s.ʌ.f.ʌ.k.eɪ.t.ɪ.d
t.ɚ.m.ʌ.n.eɪ.t	t.ɚ.m.ʌ.n.eɪ.t.ʌ.d
ʌ.n.s.ɛ.t.ʌ.l	ʌ.n.s.ɛ.t.ʌ.l.d
b.ɪ.s.t.oʊ	b.ɪ.s.t.oʊ.d
b.ɹ.aɪ.t.ʌ.n	b.ɹ.aɪ.t.ʌ.n.d
k.ɑ.n.f.l.ɪ.k.t	k.ʌ.n.f.l.ɪ.k.t.ɪ.d
k.aʊ.n.t.ɚ.æ.k.t	k.aʊ.n.t.ɚ.æ.k.t.ɪ.d
d.ɪ.s.k.aʊ.n.t	d.ɪ.s.k.aʊ.n.t.ɪ.d
aʊ.t.n.ʌ.m.b.ɚ	aʊ.t.n.ʌ.m.b.ɚ.d
s.k.ɚ.i	s.k.ɚ.i.d
θ.æ.tʃ	θ.æ.tʃ.t
tʃ.ʌ.k	tʃ.ʌ.k.t
ɛ.n.k.ʌ.m.p.ʌ.s	ɛ.n.k.ʌ.m.p.ʌ.s.t
g.ɹ.i.v	g.ɹ.i.v.d
g.ɹ.u.m	g.ɹ.u.m.d
h.ɪ.n.d.ɚ	h.ɪ.n.d.ɚ.d
p.ɹ.ɪ.k	p.ɹ.ɪ.k.t
ɹ.eɪ.t	ɹ.eɪ.t.ʌ.d
ɹ.ɪ.f.j.u.t	ɹ.ɪ.f.j.u.t.ɪ.d
s.ɪ.m.j.ʌ.l.ʌ.t	s.ɪ.m.j.ʌ.l.eɪ.t.ɪ.d
s.k.ɚ.t	s.k.ɚ.t.ɪ.d
s.n.ɔ.ɹ.t	s.n.ɔ.ɹ.t.ɪ.d
s.k.w.ɑ.ʃ	s.k.w.ɑ.ʃ.t
t.aɪ.m	t.aɪ.m.d
w.eɪ.n	w.eɪ.n.d
b.ɪ.d	b.eɪ.d
b.ɹ.i.f	b.ɹ.i.f.t
k.l.æ.ʃ	k.l.æ.ʃ.t
k.l.ɪ.p	k.l.ɪ.p.t
d.ɪ.s.k.ɹ.ɛ.d.ʌ.t	d.ɪ.s.k.ɹ.ɛ.d.ɪ.t.ɪ.d
d.ɪ.s.m.eɪ	d.ɪ.s.m.eɪ.d
f.ɪ.ŋ.g.ɚ	f.ɪ.ŋ.g.ɚ.d
g.ɹ.æ.t.ʌ.f.aɪ	g.ɹ.æ.t.ʌ.f.aɪ.d
ɪ.n.v.ɚ.t	ɪ.n.v.ɚ.t.ɪ.d
m.ɑ.ɹ	m.ɑ.ɹ.d
m.ɑ.ɹ.v.ʌ.l	m.ɑ.ɹ.v.ɛ.l.d
m.ʌ.n.tʃ	m.ʌ.n.tʃ.t
oʊ.v.ɚ.f.l.oʊ	oʊ.v.ɚ.f.l.oʊ.d
p.oʊ.tʃ	p.oʊ.tʃ.t
ɹ.i.k.l.eɪ.m	ɹ.i.k.l.eɪ.m.d
ɹ.ɪ.k.aʊ.n.t	ɹ.ɪ.k.aʊ.n.t.ɪ.d
s.i.p	s.i.p.t
s.t.aɪ.l	s.t.aɪ.l.d
t.æ.n	t.æ.n.d
w.ɔ.l	w.ɔ.l.d
ʌ.b.aɪ.d	ʌ.b.aɪ.d.ɪ.d
ʌ.b.aʊ.n.d	ʌ.b.aʊ.n.d.ɪ.d
d.ɪ.s.ɚ.n	d.ɪ.s.ɚ.n.d
d.ɑ.dʒ	d.ɑ.dʒ.d
ɪ.k.w.eɪ.t	ɪ.k.w.eɪ.t.ɪ.d
ɪ.g.z.ɛ.m.p.l.ʌ.f.aɪ	ɪ.g.z.ɛ.m.p.l.ʌ.f.aɪ.d
f.æ.t.ʌ.n	f.æ.t.ʌ.n.d
f.j.u.ʌ.l	f.j.u.ʌ.l.d
ɪ.m.ɚ.s	ɪ.m.ɚ.s.t
aɪ.ɚ.n	aɪ.ɚ.n.d
l.ʌ.n.tʃ	l.ʌ.n.tʃ.t
m.oʊ	m.oʊ.d
ʌ.n.p.æ.k	ʌ.n.p.æ.k.t
ʌ.m.ɛ.n.d	ʌ.m.ɛ.n.d.ɪ.d
b.ʌ.n.d.ʌ.l	b.ʌ.n.d.ʌ.l.d
ɪ.n.v.ɛ.l.ʌ.p	ɛ.n.v.ɛ.l.ʌ.p.t
g.ɹ.eɪ.t	g.ɹ.eɪ.t.ɪ.d
h.æ.v	h.æ.v.d
m.æ.ʃ	m.æ.ʃ.t
ʌ.b.l.ɪ.t.ɚ.eɪ.t	ʌ.b.l.ɪ.t.ɚ.eɪ.t.ɪ.d
p.aʊ.n.s	p.aʊ.n.s.t
p.ʌ.t	p.ʌ.t.ɪ.d
s.ɛ.n.t	s.ɛ.n.t.ɪ.d
s.k.aʊ.ɚ	s.k.aʊ.ɚ.d
ʃ.ɪ.p	ʃ.ɪ.p.t
t.aʊ.ɚ	t.aʊ.ɚ.d
ʌ.l.i.v.i.eɪ.t	ʌ.l.i.v.i.eɪ.t.ɪ.d
d.ɪ.f.ɚ	d.ɪ.f.ɚ.d
d.ɪ.f.l.ɛ.k.t	d.ɪ.f.l.ɛ.k.t.ɪ.d
d.ɪ.s.ʌ.p.eɪ.t	d.ɪ.s.ʌ.p.eɪ.t.ɪ.d
f.l.ʌ.k.tʃ.ʌ.w.eɪ.t	f.l.ʌ.k.tʃ.ʌ.w.eɪ.t.ɪ.d
dʒ.ɑ.g	dʒ.ɑ.g.d
l.eɪ.s	l.eɪ.s.t
m.ɪ.m.ɪ.k	m.ɪ.m.ɪ.k.t
oʊ.v.ɚ.θ.ɹ.oʊ	oʊ.v.ɚ.θ.ɹ.u
p.l.æ.s.t.ɚ	p.l.æ.s.t.ɚ.d
p.ɹ.ɪ.k.l.u.d	p.ɹ.ɪ.k.l.u.d.ɪ.d
ɹ.ɪ.z.aɪ.d	ɹ.ɪ.z.aɪ.d.ɪ.d
t.ɹ.ʌ.dʒ	t.ɹ.ʌ.dʒ.d
k.oʊ.d	k.oʊ.d.ɪ.d
f.eɪ.k	f.eɪ.k.t
f.ɹ.æ.g.m.ʌ.n.t	f.ɹ.æ.g.m.ʌ.n.t.ɪ.d
ɪ.n.t.ɚ.æ.k.t	ɪ.n.t.ɚ.æ.k.t.ʌ.d
p.æ.tʃ	p.æ.tʃ.t
ɹ.æ.ʃ.ʌ.n.ʌ.l.aɪ.z	ɹ.æ.ʃ.ʌ.n.ʌ.l.aɪ.z.d
ɹ.ɪ.l.ɪ.ŋ.k.w.ɪ.ʃ	ɹ.ɪ.l.ɪ.ŋ.k.w.ɪ.ʃ.t
s.t.eɪ.b.ʌ.l.aɪ.z	s.t.eɪ.b.ʌ.l.aɪ.z.d
w.æ.k.s	w.æ.k.s.t
w.ɛ.ð.ɚ	w.ɛ.ð.ɚ.d
w.i.d	w.i.d.ɪ.d
b.ɛ.ɹ	b.ɛ.ɹ.d
d.oʊ.n.eɪ.t	d.oʊ.n.eɪ.t.ʌ.d
ɛ.k.s.k.ʌ.v.eɪ.t	ɛ.k.s.k.ʌ.v.eɪ.t.ɪ.d
g.ɪ.l.d	g.ɪ.l.d.ɪ.d
h.ɚ.d	h.ɚ.d.ɪ.d
ɪ.m.p.i.d	ɪ.m.p.i.d.ɪ.d
l.aɪ.s.ʌ.n.s	l.aɪ.s.ʌ.n.s.t
m.oʊ.ʃ.ʌ.n	m.oʊ.ʃ.ʌ.n.d
ɔ.ɹ.d.eɪ.n	ɔ.ɹ.d.eɪ.n.d
t.eɪ.m	t.eɪ.m.d
θ.ɹ.ɛ.d	θ.ɹ.ɛ.d.ʌ.d
w.aɪ.ɚ	w.aɪ.ɚ.d
k.l.æ.m.p	k.l.æ.m.p.t
d.ɑ.k.j.ʌ.m.ɛ.n.t	d.ɑ.k.j.ʌ.m.ɛ.n.t.ʌ.d
ɛ.n.s.ɚ.k.ʌ.l	ɪ.n.s.ɚ.k.ʌ.l.d
ɪ.ɹ.eɪ.s	ɪ.ɹ.eɪ.s.t
ɪ.g.z.æ.s.p.ɚ.eɪ.t	ɪ.g.z.æ.s.p.ɚ.eɪ.t.ɪ.d
n.ɔ	n.ɔ.d
ɹ.i.ɚ.eɪ.n.dʒ	ɹ.i.ɚ.eɪ.n.dʒ.d
ɹ.ɪ.p.ɛ.l	ɹ.ʌ.p.ɛ.l.d
ɹ.u.t	ɹ.u.t.ʌ.d
ɹ.ʌ.m.b.ʌ.l	ɹ.ʌ.m.b.ʌ.l.d
s.l.eɪ	s.l.u
s.t.ɹ.i.k	s.t.ɹ.i.k.t
s.t.aɪ.l.aɪ.z	s.t.aɪ.l.aɪ.z.d
v.aʊ	v.aʊ.d
k.ʌ.m.ɛ.n.d	k.ʌ.m.ɛ.n.d.ɪ.d
ɪ.l.u.d	ɪ.l.u.d.ɪ.d
ɛ.m.j.ʌ.l.eɪ.t	ɛ.m.j.ʌ.l.eɪ.t.ɪ.d
ɪ.n.f.ɚ	ɪ.n.f.ɚ.d
l.aɪ.t.ʌ.n	l.aɪ.t.ʌ.n.d
p.ʌ.t.ɹ.oʊ.l	p.ʌ.t.ɹ.oʊ.l.d
ɹ.i.p	ɹ.i.p.t
ʃ.ɹ.aʊ.d	ʃ.ɹ.aʊ.d.ɪ.d
s.p.ɑ.ɹ.k.ʌ.l	s.p.ɑ.ɹ.k.ʌ.l.d
t.eɪ.l.ɚ	t.eɪ.l.ɚ.d
t.ɛ.m.p.ɚ	t.ɛ.m.p.ɚ.d
æ.g.ɹ.ʌ.v.eɪ.t	æ.g.ɹ.ʌ.v.eɪ.t.ɪ.d
ɛ.n.t.ɹ.ʌ.s.t	ɛ.n.t.ɹ.ʌ.s.t.ɪ.d
ɪ.k.s.p.aɪ.ɹ	ɪ.k.s.p.aɪ.ɹ.d
f.ɚ.t.ʌ.l.aɪ.z	f.ɚ.t.ʌ.l.aɪ.z.d
g.ɹ.æ.p.ʌ.l	g.ɹ.æ.p.ʌ.l.d
aʊ.t.g.ɹ.oʊ	aʊ.t.g.ɹ.u
p.ɚ.eɪ.d	p.ɚ.eɪ.d.ɪ.d
p.l.eɪ.g	p.l.eɪ.g.d
ɹ.æ.ʃ.ʌ.n	ɹ.æ.ʃ.ʌ.n.d
s.t.ɪ.tʃ	s.t.ɪ.tʃ.t
t.eɪ.l	t.eɪ.l.d
t.ɪ.k.ʌ.l	t.ɪ.k.ʌ.l.d
t.ɹ.ɛ.ʒ.ɚ	t.ɹ.ɛ.ʒ.ɚ.d
w.eɪ.dʒ	w.eɪ.dʒ.d
d.ɪ.s.p.l.i.z	d.ɪ.s.p.l.i.z.d
d.ɔ.g	d.ɔ.g.d
d.ɹ.ɛ.n.tʃ	d.ɹ.ɛ.n.tʃ.t
p.ɚ.v.eɪ.d	p.ɚ.v.eɪ.d.ɪ.d
p.ɚ.dʒ	p.ɚ.dʒ.d
ʃ.ɛ.l.v	ʃ.ɛ.l.v.d
ʌ.d.ɔ.ɹ.n	ʌ.d.ɔ.ɹ.n.d
ʌ.s.ɔ.ɹ.t	ʌ.s.ɔ.ɹ.t.ɪ.d
b.ɔ.l	b.ɔ.l.d
b.l.i.tʃ	b.l.i.tʃ.t
b.ʌ.k.ʌ.l	b.ʌ.k.ʌ.l.d
tʃ.ɑ.ɹ.m	tʃ.ɑ.ɹ.m.d
ɪ.l.ɪ.s.ɪ.t	ɪ.l.ɪ.s.ɪ.t.ɪ.d
h.ɔɪ.s.t	h.ɔɪ.s.t.ʌ.d
p.ɹ.ɪ.s.ɪ.p.ɪ.t.eɪ.t	p.ɹ.ɪ.s.ɪ.p.ɪ.t.eɪ.t.ɪ.d
ɹ.æ.p	ɹ.æ.p.t
ɹ.ɛ.k.ɹ.i.eɪ.t	ɹ.ɛ.k.ɹ.i.eɪ.t.ɪ.d
t.ɪ.p.t.oʊ	t.ɪ.p.t.oʊ.d
ʌ.p.d.eɪ.t	ʌ.p.d.eɪ.t.ʌ.d
æ.m.p.l.ʌ.f.aɪ	æ.m.p.l.ʌ.f.aɪ.d
b.aɪ.s.ɪ.k.ʌ.l	b.aɪ.s.ɪ.k.ʌ.l.d
k.ʌ.n.s.p.aɪ.ɚ	k.ʌ.n.s.p.aɪ.ɚ.d
l.æ.p.s	l.æ.p.s.t
p.ɹ.ʌ.p.ɛ.l	p.ɹ.ʌ.p.ɛ.l.d
ɹ.i.f.ɪ.l	ɹ.i.f.ɪ.l.d
s.n.oʊ	s.n.oʊ.d
s.k.w.i.k	s.k.w.i.k.t
s.t.u	s.t.u.d
s.w.ɑ.m.p	s.w.ɔ.m.p.t
k.ɑ.n.v.ɚ.s	k.ʌ.n.v.ɚ.s.t
d.u.p.l.ʌ.k.ʌ.t	d.u.p.l.ɪ.k.eɪ.t.ɪ.d
ɪ.k.s.p.ɛ.n.d	ɪ.k.s.p.ɛ.n.d.ɪ.d
ɪ.n.f.ɪ.l.t.ɹ.eɪ.t	ɪ.n.f.ɪ.l.t.ɹ.eɪ.t.ɪ.d
ɪ.n.t.ɛ.ɹ.ʌ.g.eɪ.t	ɪ.n.t.ɛ.ɹ.ʌ.g.eɪ.t.ɪ.d
l.ɑ.b.i	l.ɑ.b.i.d
n.ʌ.s.ɛ.s.ʌ.t.eɪ.t	n.ʌ.s.ɛ.s.ʌ.t.eɪ.t.ʌ.d
p.aɪ.p	p.aɪ.p.t
ɹ.aɪ.ʌ.t	ɹ.aɪ.ʌ.t.ɪ.d
s.æ.tʃ.ɚ.eɪ.t	s.æ.tʃ.ɚ.eɪ.t.ʌ.d
s.k.ɑ.ɹ	s.k.ɑ.ɹ.d
s.aɪ.t	s.aɪ.t.ɪ.d
s.t.æ.n.d.ɚ.d.aɪ.z	s.t.æ.n.d.ɚ.d.aɪ.z.d
s.w.ɚ.v	s.w.ɚ.v.d
t.w.ɪ.ŋ.k.ʌ.l	t.w.ɪ.ŋ.k.ʌ.l.d
ʌ.k.ɹ.u	ʌ.k.ɹ.u.d
æ.s.ɚ.t.eɪ.n	æ.s.ɚ.t.eɪ.n.d
b.æ.p.t.aɪ.z	b.æ.p.t.aɪ.z.d
b.ɪ.l.oʊ	b.ɪ.l.oʊ.d
k.ɹ.ɪ.s.ʌ.n	k.ɹ.ɪ.s.ʌ.n.d
k.l.ɑ.g	k.l.ɔ.g.d
k.ʌ.l.æ.b.ɚ.eɪ.t	k.ʌ.l.æ.b.ɚ.eɪ.t.ʌ.d
k.ʌ.m.ɛ.n.s	k.ʌ.m.ɛ.n.s.t
k.ɹ.ʌ.n.tʃ	k.ɹ.ʌ.n.tʃ.t
ɪ.n.f.j.ʊ.ɹ.i.eɪ.t	ɪ.n.f.j.ʊ.ɹ.i.eɪ.t.ɪ.d
n.ɪ.p	n.ɪ.p.t
oʊ.v.ɚ.h.æ.ŋ	oʊ.v.ɚ.h.ʌ.ŋ
k.w.ɪ.k.ʌ.n	k.w.ɪ.k.ʌ.n.d
ɹ.i.k.ʌ.n.s.ɪ.d.ɚ	ɹ.i.k.ʌ.n.s.ɪ.d.ɚ.d
ɹ.ɪ.g	ɹ.ɪ.g.d
s.t.ɔ.l	s.t.ɔ.l.d
s.t.ɪ.ŋ.k	s.t.ʌ.ŋ.k
s.t.ɪ.ŋ.k	s.t.æ.ŋ.k
s.ʌ.b.t.ɹ.æ.k.t	s.ʌ.b.t.ɹ.æ.k.t.ɪ.d
ʌ.n.ɚ.v	ʌ.n.n.ɚ.v.d
æ.k.s.ɛ.n.tʃ.u.eɪ.t	æ.k.s.ɛ.n.tʃ.u.eɪ.t.ɪ.d
tʃ.ɛ.ɹ	tʃ.ɛ.ɹ.d
k.ʌ.n.d.ɛ.n.s	k.ʌ.n.d.ɛ.n.s.t
k.ɹ.ɪ.s.t.ʌ.l.aɪ.z	k.ɹ.ɪ.s.t.ʌ.l.aɪ.z.d
d.ɪ.k.ɹ.i	d.ɪ.k.ɹ.i.d
d.ɪ.p.l.i.t	d.ɪ.p.l.i.t.ɪ.d
d.ɪ.s.æ.t.ʌ.s.f.aɪ	d.ɪ.s.æ.t.ʌ.s.f.aɪ.d
h.ʌ.m.p	h.ʌ.m.p.t
ɪ.n.s.t.ɪ.t.u.ʃ.ʌ.n.ʌ.l.aɪ.z	ɪ.n.s.t.ɪ.t.u.ʃ.ʌ.n.ʌ.l.aɪ.z.d
dʒ.æ.b	dʒ.æ.b.d
p.æ.d.ʌ.l	p.æ.d.ʌ.l.d
ɹ.ʌ.m.ɪ.dʒ	ɹ.ʌ.m.ɪ.dʒ.d
s.ɔ.l.t	s.ɔ.l.t.ʌ.d
s.k.ɔ.ɹ.n	s.k.ɔ.ɹ.n.d
ʃ.ɪ.ɹ	ʃ.ɪ.ɹ.d
ʃ.ɛ.l	ʃ.ɛ.l.d
s.ɪ.f.t	s.ɪ.f.t.ɪ.d
s.l.æ.k.ʌ.n	s.l.æ.k.ʌ.n.d
ʌ.p.i.z	ʌ.p.i.z.d
b.æ.b.ʌ.l	b.æ.b.ʌ.l.d
k.ʌ.n.s.t.ɹ.eɪ.n	k.ʌ.n.s.t.ɹ.eɪ.n.d
k.ɹ.i.m	k.ɹ.i.m.d
d.ɔ.n.t	d.ɔ.n.t.ɪ.d
d.ɪ.s.p.ɛ.ɹ	d.ɪ.s.p.ɛ.ɹ.d
d.ʌ.m.ɛ.s.t.ʌ.k.eɪ.t	d.ʌ.m.ɛ.s.t.ʌ.k.eɪ.t.ʌ.d
ɪ.n.ʃ.ʊ.ɹ	ɪ.n.ʃ.ʊ.ɹ.d
l.æ.p	l.æ.p.t
m.ʌ.s.ɑ.ʒ	m.ʌ.s.ɑ.ʒ.d
p.ɪ.n.p.ɔɪ.n.t	p.ɪ.n.p.ɔɪ.n.t.ɪ.d
p.l.aɪ	p.l.aɪ.d
ɹ.i.t.ɔ.ɹ.t	ɹ.i.t.ɔ.ɹ.t.ɪ.d
s.ʌ.l.k	s.ʌ.l.k.t
s.ɚ.f.ʌ.s	s.ɚ.f.ɪ.s.t
v.ɔ.l.t	v.ɔ.l.t.ɪ.d
ʌ.n.ɔɪ.n.t	ʌ.n.ɔɪ.n.t.ɪ.d
b.æ.s.k	b.æ.s.k.t
b.l.æ.k.m.eɪ.l	b.l.æ.k.m.eɪ.l.d
ɪ.g.z.æ.s.ɚ.b.eɪ.t	ɪ.g.z.æ.s.ɚ.b.eɪ.t.ʌ.d
g.ɹ.ɪ.m.ʌ.s	g.ɹ.ɪ.m.ʌ.s.t
ɪ.m.p.ɹ.ɪ.n.t	ɪ.m.p.ɹ.ɪ.n.t.ɪ.d
ɪ.n.t.ɚ.l.ɑ.k	ɪ.n.t.ɚ.l.ɑ.k.d
ɔɪ.l	ɔɪ.l.d
oʊ.v.ɚ.l.oʊ.d	oʊ.v.ɚ.l.oʊ.d.ɪ.d
p.ʌ.ŋ.k.tʃ.u.eɪ.t	p.ʌ.ŋ.k.tʃ.u.eɪ.t.ɪ.d
ɹ.ɪ.k.l.aɪ.n	ɹ.ɪ.k.l.aɪ.n.d
s.k.ɹ.u.t.ʌ.n.aɪ.z	s.k.ɹ.u.t.ʌ.n.aɪ.z.d
w.æ.g	w.æ.g.d
k.ʌ.n.d.oʊ.n	k.ʌ.n.d.oʊ.n.d
d.ɹ.ɑ.m.ʌ.t.aɪ.z	d.ɹ.æ.m.ʌ.t.aɪ.z.d
f.eɪ.n	f.eɪ.n.d
f.ɔ.n.d.ʌ.l	f.ɔ.n.d.ʌ.l.d
dʒ.ɛ.p.ɚ.d.aɪ.z	dʒ.ɛ.p.ɚ.d.aɪ.z.d
m.aɪ.n	m.aɪ.n.d
m.j.u.t.ʌ.l.eɪ.t	m.j.u.t.ʌ.l.eɪ.t.ʌ.d
u.z	u.z.d
p.ɹ.ɑ.f.ɚ	p.ɹ.ɑ.f.ɚ.d
ɹ.i.dʒ.ɔɪ.n	ɹ.i.dʒ.ɔɪ.n.d
ɹ.ɛ.v.ʌ.l.u.ʃ.ʌ.n.aɪ.z	ɹ.ɛ.v.ʌ.l.u.ʃ.ʌ.n.aɪ.z.d
ɹ.i.ɹ.aɪ.t	ɹ.i.ɹ.oʊ.t
v.ɛ.ɹ.ʌ.f.aɪ	v.ɛ.ɹ.ʌ.f.aɪ.d
v.aɪ	v.aɪ.d
ɔ.g.m.ɛ.n.t	ɑ.g.m.ɛ.n.t.ʌ.d
b.æ.ʃ	b.æ.ʃ.t
b.l.ʌ.n.d.ɚ	b.l.ʌ.n.d.ɚ.d
b.ɹ.ɛ.s.t.f.i.d	b.ɹ.ɛ.s.t.f.ɛ.d
k.ɑ.n.dʒ.ɚ	k.ɑ.n.dʒ.ɚ.d
d.ɛ.v.ʌ.s.t.eɪ.t	d.ɛ.v.ʌ.s.t.eɪ.t.ʌ.d
h.ɛ.ɹ.ʌ.l.d	h.ɛ.ɹ.ʌ.l.d.ɪ.d
dʒ.ɪ.ɹ	dʒ.ɪ.ɹ.d
n.u.t.ɹ.ʌ.l.aɪ.z	n.u.t.ɹ.ʌ.l.aɪ.z.d
p.ɛ.t.ɹ.ʌ.f.aɪ	p.ɛ.t.ɹ.ʌ.f.aɪ.d
p.ɹ.aɪ.z	p.ɹ.aɪ.z.d
ɹ.i.s.t.ɹ.ʌ.k.tʃ.ɚ	ɹ.i.s.t.ɹ.ʌ.k.tʃ.ɚ.d
ɹ.ɪ.v.ɪ.ɹ	ɹ.ɪ.v.ɪ.ɹ.d
ɹ.ɪ.d.ʌ.l	ɹ.ɪ.d.ʌ.l.d
s.k.ʌ.t.ʌ.l	s.k.ʌ.t.ʌ.l.d
t.eɪ.p.ɚ	t.eɪ.p.ɚ.d
t.oʊ	t.oʊ.d
w.ɚ.s.ʌ.n	w.ɚ.s.ʌ.n.d
b.æ.n.d.ɪ.dʒ	b.æ.n.d.ʌ.dʒ.d
k.æ.m.ʌ.f.l.ɑ.ʒ	k.æ.m.ʌ.f.l.ɑ.ʒ.d
tʃ.ɑ.ɹ.t.ɚ	tʃ.ɑ.ɹ.t.ɚ.d
d.aɪ.v.ɚ.s.ʌ.f.aɪ	d.aɪ.v.ɚ.s.ʌ.f.aɪ.d
f.l.ɚ.t	f.l.ɚ.t.ɪ.d
g.eɪ.dʒ	g.eɪ.dʒ.d
ɪ.m.p.ɹ.ʌ.v.aɪ.z	ɪ.m.p.ɹ.ʌ.v.aɪ.z.d
m.æ.s	m.æ.s.t
m.æ.s.t.ɚ.b.eɪ.t	m.æ.s.t.ɚ.b.eɪ.t.ɪ.d
m.ɪ.n.s	m.ɪ.n.s.t
ʌ.b.s.t.ɹ.ʌ.k.t	ʌ.b.s.t.ɹ.ʌ.k.t.ɪ.d
p.ɪ.s	p.ɪ.s.t
t.æ.t.u	t.æ.t.u.d
w.u.p	w.u.p.t
ʌ.b.s.t.eɪ.n	ʌ.b.s.t.eɪ.n.d
b.ɪ.f.ɔ.l	b.ɪ.f.ɛ.l
k.ʌ.d.ʌ.l	k.ʌ.d.ʌ.l.d
d.ɪ.m.ɔ.ɹ.ʌ.l.aɪ.z	d.ɪ.m.ɔ.ɹ.ʌ.l.aɪ.z.d
f.i.s.t	f.i.s.t.ɪ.d
h.ʌ.s.ʌ.l	h.ʌ.s.ʌ.l.d
l.u.t	l.u.t.ʌ.d
m.eɪ.l	m.eɪ.l.d
p.aʊ.ɚ	p.aʊ.ɚ.d
ɹ.æ.k	ɹ.æ.k.t
s.p.æ.n	s.p.æ.n.d
t.oʊ.s.t	t.oʊ.s.t.ɪ.d
ʌ.n.l.i.ʃ	ʌ.n.l.i.ʃ.t
v.ɔɪ.s	v.ɔɪ.s.t
ʌ.s.æ.s.ʌ.n.eɪ.t	ʌ.s.æ.s.ʌ.n.eɪ.t.ʌ.d
b.l.u.m	b.l.u.m.d
ɛ.n.k.eɪ.s	ɛ.n.k.eɪ.s.t
ɪ.n.t.aɪ.s	ɪ.n.t.aɪ.s.t
h.aɪ.k	h.aɪ.k.t
h.ɑ.l.ɚ	h.ɑ.l.ɚ.d
ɪ.n.s.k.ɹ.aɪ.b	ɪ.n.s.k.ɹ.aɪ.b.d
m.æ.p	m.æ.p.t
p.i.p	p.i.p.t
p.ɹ.ʌ.f.ɛ.s	p.ɹ.ʌ.f.ɛ.s.t
p.ɚ.s	p.ɚ.s.t
ɹ.i.k.æ.p.tʃ.ɚ	ɹ.i.k.æ.p.tʃ.ɚ.d
s.æ.d.ʌ.l	s.æ.d.ʌ.l.d
s.ɚ.v.ʌ.s	s.ɚ.v.ɪ.s.t
s.p.eɪ.s	s.p.eɪ.s.t
s.ʌ.p.l.æ.n.t	s.ʌ.p.l.æ.n.t.ʌ.d
ɑ.ɹ.t.ɪ.k.j.ʌ.l.eɪ.t	ɑ.ɹ.t.ɪ.k.j.ʌ.l.eɪ.t.ʌ.d
b.ɹ.ɪ.dʒ	b.ɹ.ɪ.dʒ.d
s.ɛ.n.s.ɚ	s.ɛ.n.s.ɚ.d
k.l.æ.s	k.l.æ.s.t
k.ɑ.m.p.l.ʌ.m.ʌ.n.t	k.ɑ.m.p.l.ʌ.m.ɛ.n.t.ɪ.d
k.ɚ.t.eɪ.l	k.ɚ.t.eɪ.l.d
d.ɹ.ɪ.b.ʌ.l	d.ɹ.ɪ.b.ʌ.l.d
g.æ.m.b.ʌ.l	g.æ.m.b.ʌ.l.d
g.ɑ.b.ʌ.l	g.ɑ.b.ʌ.l.d
m.ɛ.m.ɚ.aɪ.z	m.ɛ.m.ɚ.aɪ.z.d
m.ɛ.ɹ.ʌ.t	m.ɛ.ɹ.ɪ.t.ɪ.d
m.ɪ.t.ʌ.g.eɪ.t	m.ɪ.t.ʌ.g.eɪ.t.ɪ.d
p.ɚ.s.ʌ.k.j.u.t	p.ɚ.s.ʌ.k.j.u.t.ʌ.d
p.l.ɑ.d	p.l.ɑ.d.ʌ.d
ɹ.aɪ.p.ʌ.n	ɹ.aɪ.p.ʌ.n.d
s.k.eɪ.l	s.k.eɪ.l.d
s.k.ɹ.æ.p	s.k.ɹ.æ.p.t
ʃ.ɹ.ɛ.d	ʃ.ɹ.ɛ.d.ʌ.d
s.t.ʌ.n.t	s.t.ʌ.n.t.ɪ.d
t.æ.g	t.æ.g.d
t.eɪ.p	t.eɪ.p.t
t.ɛ.ɹ.ʌ.s	t.ɛ.ɹ.ʌ.s.t
t.ɛ.ð.ɚ	t.ɛ.ð.ɚ.d
k.æ.p	k.æ.p.t
k.ɹ.u.s.ʌ.f.aɪ	k.ɹ.u.s.ʌ.f.aɪ.d
f.ɔ.ɹ.s.t.ɔ.l	f.ɔ.ɹ.s.t.ɑ.l.d
ɪ.n.t.oʊ.n	ɪ.n.t.oʊ.n.d
l.æ.g	l.æ.g.d
l.i.tʃ	l.i.tʃ.t
m.aɪ.g.ɹ.eɪ.t	m.aɪ.g.ɹ.eɪ.t.ɪ.d
p.ɛ.ɹ.ʌ.l.ɛ.l	p.ɛ.ɹ.ʌ.l.ɛ.l.d
ɹ.ʌ.m.p.ʌ.l	ɹ.ʌ.m.p.ʌ.l.d
s.æ.ŋ.k.ʃ.ʌ.n	s.æ.ŋ.k.ʃ.ʌ.n.d
s.ɔ	s.ɔ.d
s.p.ɚ	s.p.ɚ.d
s.ʌ.b.m.ɚ.dʒ	s.ʌ.b.m.ɚ.dʒ.d
ɔ.t.ʌ.m.eɪ.t	ɔ.t.ʌ.m.eɪ.t.ɪ.d
b.ɹ.aʊ.n	b.ɹ.aʊ.n.d
d.ɪ.d.ʌ.k.t	d.ɪ.d.ʌ.k.t.ɪ.d
d.ɪ.s.l.ɑ.dʒ	d.ɪ.s.l.ɑ.dʒ.d
ɛ.n.dʒ.ɛ.n.d.ɚ	ɛ.n.dʒ.ɛ.n.d.ɚ.d
ɪ.g.z.ɔ.ɹ.t	ɪ.g.z.ɔ.ɹ.t.ɪ.d
ɛ.g.z.aɪ.l	ɛ.g.z.aɪ.l.d
g.ʌ.t	g.ʌ.t.ɪ.d
ɪ.m.p.l.æ.n.t	ɪ.m.p.l.æ.n.t.ɪ.d
n.ʌ.m	n.ʌ.m.d
ɹ.i.ɔ.ɹ.g.ʌ.n.aɪ.z	ɹ.i.ɔ.ɹ.g.ʌ.n.aɪ.z.d
s.k.ɔ.ɹ.tʃ	s.k.ɔ.ɹ.tʃ.t
s.ɪ.n	s.ɪ.n.d
s.p.ɑ.ɹ.k	s.p.ɑ.ɹ.k.t
ʌ.k.w.ɪ.t	ʌ.k.w.ɪ.t.ɪ.d
k.æ.p.ʌ.t.ʌ.l.aɪ.z	k.æ.p.ɪ.t.ʌ.l.aɪ.z.d
ɪ.dʒ.ɛ.k.t	ɪ.dʒ.ɛ.k.t.ɪ.d
ɪ.m.æ.n.s.ʌ.p.eɪ.t	ɪ.m.æ.n.s.ʌ.p.eɪ.t.ɪ.d
ɪ.n.g.ɹ.oʊ.s	ɪ.n.g.ɹ.oʊ.s.t
ɪ.v.æ.k.j.ʌ.eɪ.t	ɪ.v.æ.k.j.ʌ.w.eɪ.t.ɪ.d
f.ʊ.t	f.ʊ.t.ɪ.d
g.l.aʊ.ɚ	g.l.aʊ.ɚ.d
ɪ.m.p.l.ɔ.ɹ	ɪ.m.p.l.ɔ.ɹ.d
l.u.p	l.u.p.t
p.ɚ.s.ʌ.v.ɪ.ɹ	p.ɚ.s.ʌ.v.ɪ.ɹ.d
p.ɹ.ɪ.d.ɑ.m.ʌ.n.eɪ.t	p.ɹ.ɪ.d.ɑ.m.ʌ.n.eɪ.t.ɪ.d
ɹ.i.oʊ.p.ʌ.n	ɹ.i.oʊ.p.ʌ.n.d
ɹ.ɪ.d.ʌ.k.j.u.l	ɹ.ɪ.d.ʌ.k.j.u.l.d
s.ʌ.l.u.t	s.ʌ.l.u.t.ʌ.d
ʃ.æ.d.oʊ	ʃ.æ.d.oʊ.d
s.oʊ.ʃ.ʌ.l.aɪ.z	s.oʊ.ʃ.ʌ.l.aɪ.z.d
s.p.l.ɪ.n.t.ɚ	s.p.l.ɪ.n.t.ɚ.d
s.u.p.ɚ.s.i.d	s.u.p.ɚ.s.i.d.ʌ.d
t.aɪ.l	t.aɪ.l.d
t.ɹ.æ.n.s.p.aɪ.ɚ	t.ɹ.æ.n.s.p.aɪ.ɚ.d
b.ɛ.l.tʃ	b.ɛ.l.tʃ.t
b.ʌ.k	b.ʌ.k.t
b.ʌ.n.tʃ	b.ʌ.n.tʃ.t
k.l.ɛ.n.z	k.l.ɛ.n.z.d
d.ɪ.s.t.ɹ.ʌ.s.t	d.ɪ.s.t.ɹ.ʌ.s.t.ʌ.d
d.ɹ.ʌ.g	d.ɹ.ʌ.g.d
ɪ.n.f.l.eɪ.t	ɪ.n.f.l.eɪ.t.ɪ.d
dʒ.ʌ.m.b.ʌ.l	dʒ.ʌ.m.b.ʌ.l.d
l.ʌ.n.dʒ	l.ʌ.n.dʒ.d
m.j.u.z	m.j.u.z.d
f.ɹ.eɪ.z	f.ɹ.eɪ.z.d
p.ɹ.eɪ	p.ɹ.eɪ.d
ɹ.æ.m	ɹ.æ.m.d
s.æ.d.ʌ.n	s.æ.d.ʌ.n.d
s.k.ɪ.d	s.k.ɪ.d.ʌ.d
s.t.ʌ.d	s.t.ʌ.d.ɪ.d
t.ɹ.aɪ.ʌ.m.f	t.ɹ.aɪ.ʌ.m.f.t
ʌ.v.ɛ.n.dʒ	ʌ.v.ɛ.n.dʒ.d
b.ɹ.eɪ.k	b.ɹ.eɪ.k.t
d.ɪ.l.u.d	d.ɪ.l.u.d.ɪ.d
d.ɪ.n.oʊ.t	d.ɪ.n.oʊ.t.ʌ.d
d.ʌ.b	d.ʌ.b.d
ɛ.n.t.æ.ŋ.g.ʌ.l	ɛ.n.t.æ.ŋ.g.ʌ.l.d
ɪ.g.z.u.d	ɪ.g.z.u.d.ɪ.d
h.ɛ.dʒ	h.ɛ.dʒ.d
p.ɪ.k.ʌ.l	p.ɪ.k.ʌ.l.d
ɹ.ɛ.l.ʌ.g.eɪ.t	ɹ.ɛ.l.ʌ.g.eɪ.t.ɪ.d
ɹ.i.p.l.eɪ	ɹ.i.p.l.eɪ.d
s.k.ɔ.f	s.k.ɔ.f.t
s.n.i.z	s.n.i.z.d
t.ɔɪ.l	t.ɔɪ.l.d
t.oʊ.t.ʌ.l	t.oʊ.t.ʌ.l.d
t.w.ɚ.l	t.w.ɚ.l.d
w.ɔ.ɹ.ʌ.n.t	w.ɔ.ɹ.ʌ.n.t.ɪ.d
æ.ŋ.g.ʌ.l	æ.ŋ.g.ʌ.l.d
b.ɛ.d	b.ɛ.d.ɪ.d
s.ʌ.m.ɛ.n.t	s.ɪ.m.ɛ.n.t.ɪ.d
k.ʌ.m.ɛ.m.ɚ.eɪ.t	k.ʌ.m.ɛ.m.ɚ.eɪ.t.ɪ.d
k.ʌ.m.p.j.u.t.ɚ.aɪ.z	k.ʌ.m.p.j.u.t.ɚ.aɪ.z.d
k.ɑ.n	k.ɑ.n.d
d.ɪ.s.ʌ.b.eɪ	d.ɪ.s.oʊ.b.eɪ.d
ɪ.k.s.t.ɪ.ŋ.g.w.ɪ.ʃ	ɪ.k.s.t.ɪ.ŋ.g.w.ɪ.ʃ.t
f.l.æ.g	f.l.æ.g.d
g.ɹ.aʊ.n.d	g.ɹ.aʊ.n.d.ɪ.d
m.ɪ.ɹ.ɚ	m.ɪ.ɹ.ɚ.d
n.ɛ.s.ʌ.l	n.ɛ.s.ʌ.l.d
p.ɪ.t	p.ɪ.t.ʌ.d
p.aʊ.t	p.aʊ.t.ɪ.d
k.w.i.ɹ.i	k.w.ɪ.ɹ.i.d
ɹ.i.b.j.u.k	ɹ.ɪ.b.j.u.k.t
ɹ.oʊ	ɹ.oʊ.d
s.æ.m.p.ʌ.l	s.æ.m.p.ʌ.l.d
s.ɪ.k.ɹ.i.t	s.ʌ.k.ɹ.i.t.ʌ.d
ʃ.ʌ.n	ʃ.ʌ.n.d
s.k.ɪ.n	s.k.ɪ.n.d
s.k.w.ɑ.n.d.ɚ	s.k.w.ɑ.n.d.ɚ.d
s.ʌ.b.d.u	s.ʌ.b.d.u.d
ʌ.p.ɹ.u.t	ʌ.p.ɹ.u.t.ɪ.d
v.ɪ.ɹ	v.ɪ.ɹ.d
w.ɔ.ɹ.p	w.ɔ.ɹ.p.t
b.l.ɑ.s.ʌ.m	b.l.ɑ.s.ʌ.m.d
b.ɚ.d.ʌ.n	b.ɚ.d.ʌ.n.d
b.ʌ.s.t	b.ʌ.s.t.ɪ.d
b.ɪ.z.i	b.ɪ.z.i.d
k.eɪ.b.ʌ.l	k.eɪ.b.ʌ.l.d
k.æ.s.t.ɹ.eɪ.t	k.æ.s.t.ɹ.eɪ.t.ɪ.d
k.ɔɪ.n	k.ɔɪ.n.d
k.ɔ.ɹ.n.ɚ	k.ɔ.ɹ.n.ɚ.d
k.ɔ.ɹ.ʌ.l.eɪ.t	k.ɔ.ɹ.ʌ.l.eɪ.t.ʌ.d
d.ɪ.p.ɔ.ɹ.t	d.ɪ.p.ɔ.ɹ.t.ʌ.d
d.ɪ.m	d.ɪ.m.d
ɪ.l.ɔ.ŋ.g.eɪ.t	ɪ.l.ɔ.ŋ.g.eɪ.t.ʌ.d
ɪ.ɹ.æ.d.ʌ.k.eɪ.t	ɪ.ɹ.æ.d.ʌ.k.eɪ.t.ɪ.d
h.u.t	h.u.t.ɪ.d
aɪ.s	aɪ.s.t
ɪ.m.p.ɛ.l	ɪ.m.p.ɛ.l.d
ɪ.m.p.l.ɪ.k.eɪ.t	ɪ.m.p.l.ɪ.k.eɪ.t.ɪ.d
dʒ.oʊ.l.t	dʒ.oʊ.l.t.ɪ.d
aʊ.t.l.ɔ	aʊ.t.l.ɔ.d
p.ɑ.ɹ.tʃ	p.ɑ.ɹ.tʃ.t
p.ɑ.ɹ.d.ʌ.n	p.ɑ.ɹ.d.ʌ.n.d
ɹ.ɪ.v.oʊ.l.t	ɹ.ɪ.v.oʊ.l.t.ɪ.d
s.k.w.ɚ.t	s.k.w.ɚ.t.ʌ.d
s.t.oʊ	s.t.oʊ.d
s.ɚ.p.æ.s	s.ɚ.p.æ.s.t
t.ɪ.ŋ.k.ʌ.l	t.ɪ.ŋ.k.ʌ.l.d
w.aɪ.t.w.ɑ.ʃ	w.aɪ.t.w.ɑ.ʃ.t
tʃ.aɪ.m	tʃ.aɪ.m.d
k.ɑ.n.f.ʌ.s.k.eɪ.t	k.ɑ.n.f.ʌ.s.k.eɪ.t.ʌ.d
k.ʌ.n.t.ɔ.ɹ.t	k.ʌ.n.t.ɔ.ɹ.t.ʌ.d
d.æ.m.p.ʌ.n	d.æ.m.p.ʌ.n.d
ɛ.m.ʌ.g.ɹ.eɪ.t	ɛ.m.ʌ.g.ɹ.eɪ.t.ɪ.d
ɛ.n.t.ɹ.ʌ.n.s	ɪ.n.t.ɹ.æ.n.s.t
ɪ.k.s.ɛ.l	ɪ.k.s.ɛ.l.d
f.l.ɑ.k	f.l.ɑ.k.t
f.ɔ.ɹ.f.ɪ.t	f.ɔ.ɹ.f.ɪ.t.ɪ.d
dʒ.eɪ.l	dʒ.eɪ.l.d
l.ʌ.m.ɛ.n.t	l.ʌ.m.ɛ.n.t.ɪ.d
m.ɛ.k.ʌ.n.aɪ.z	m.ɛ.k.ʌ.n.aɪ.z.d
m.ʊ.ɹ	m.ʊ.ɹ.d
ɔ.ɹ.i.ɛ.n.t	ɔ.ɹ.i.ɛ.n.t.ʌ.d
p.ɛ.d.ʌ.l	p.ɛ.d.ʌ.l.d
p.ɛ.n.ʌ.l.aɪ.z	p.i.n.ʌ.l.aɪ.z.d
p.ɹ.oʊ.t.ɹ.æ.k.t	p.ɹ.oʊ.t.ɹ.æ.k.t.ɪ.d
s.t.ɛ.ɹ.i.oʊ.t.aɪ.p	s.t.ɛ.ɹ.i.oʊ.t.aɪ.p.t
b.ɪ.s.i.dʒ	b.ɪ.s.i.dʒ.d
b.ɹ.aʊ.z	b.ɹ.aʊ.z.d
k.ɹ.oʊ	k.ɹ.oʊ.d
ɪ.k.s.p.aʊ.n.d	ɪ.k.s.p.aʊ.n.d.ʌ.d
f.l.aʊ.n.d.ɚ	f.l.aʊ.n.d.ɚ.d
f.ɹ.æ.k.tʃ.ɚ	f.ɹ.æ.k.tʃ.ɚ.d
g.æ.g	g.æ.g.d
g.ɑ.ɹ.d.ʌ.n	g.ɑ.ɹ.d.ʌ.n.d
g.ʌ.ʃ	g.ʌ.ʃ.t
aɪ.d.i.ʌ.l.aɪ.z	aɪ.d.i.ʌ.l.aɪ.z.d
ɪ.n.d.aɪ.t	ɪ.n.d.aɪ.t.ɪ.d
m.i.d.i.eɪ.t	m.i.d.i.eɪ.t.ɪ.d
p.j.ʊ.ɹ.ʌ.f.aɪ	p.j.ʊ.ɹ.ʌ.f.aɪ.d
ɹ.æ.v.ɪ.dʒ	ɹ.æ.v.ɪ.dʒ.d
ɹ.i.l.eɪ	ɹ.i.l.eɪ.d
ɹ.i.t.ɹ.æ.k.t	ɹ.i.t.ɹ.æ.k.t.ʌ.d
θ.ɔ	θ.ɔ.d
t.ɹ.æ.v.ɚ.s	t.ɹ.æ.v.ɚ.s.t
w.ɪ.l.t	w.ɪ.l.t.ɪ.d
b.ɹ.æ.n.tʃ	b.ɹ.æ.n.tʃ.t
d.ɪ.dʒ.ɛ.n.ɚ.ʌ.t	d.ɪ.dʒ.ɛ.n.ɚ.eɪ.t.ɪ.d
d.ɪ.s.t.ɪ.l	d.ɪ.s.t.ɪ.l.d
ɛ.tʃ	ɛ.tʃ.t
f.aʊ.l	f.aʊ.l.d
m.ɔ.l	m.ɔ.l.d
m.ɪ.s.t.ʌ.f.aɪ	m.ɪ.s.t.ʌ.f.aɪ.d
n.ɔ.z.i.eɪ.t	n.ɔ.z.i.eɪ.t.ʌ.d
oʊ.v.ɚ.ɹ.aɪ.d	oʊ.v.ɚ.ɹ.oʊ.d
p.ɚ.m.i.eɪ.t	p.ɚ.m.i.eɪ.t.ɪ.d
p.ɪ.k.ɪ.t	p.ɪ.k.ʌ.t.ɪ.d
p.ɪ.t.i	p.ɪ.t.i.d
ɹ.ɛ.m.ʌ.d.i	ɹ.ɛ.m.ʌ.d.i.d
ɹ.ʌ.s.t	ɹ.ʌ.s.t.ʌ.d
s.ɚ.m.aʊ.n.t	s.ɚ.m.aʊ.n.t.ɪ.d
b.eɪ.l	b.eɪ.l.d
b.ɹ.æ.n.d	b.ɹ.æ.n.d.ɪ.d
k.ɑ.ɹ.t	k.ɑ.ɹ.t.ɪ.d
k.l.ɑ.t	k.l.ɑ.t.ʌ.d
g.l.u	g.l.u.d
h.ɪ.n.dʒ	h.ɪ.n.dʒ.d
oʊ.v.ɚ.ʃ.æ.d.oʊ	oʊ.v.ɚ.ʃ.æ.d.oʊ.d
ɹ.i.d.ɪ.s.t.ɹ.ɪ.b.j.u.t	ɹ.i.d.ɪ.s.t.ɹ.ɪ.b.j.u.t.ɪ.d
ɹ.i.l.ɪ.v	ɹ.i.l.ɪ.v.d
ɹ.ɪ.p.i.l	ɹ.ɪ.p.i.l.d
ɹ.i.p.j.u.d.i.eɪ.t	ɹ.i.p.j.u.d.i.eɪ.t.ʌ.d
ʃ.oʊ.l.d.ɚ	ʃ.oʊ.l.d.ɚ.d
t.ɹ.æ.m.p	t.ɹ.æ.m.p.t
t.ɹ.u.p	t.ɹ.u.p.t
t.ɹ.ʌ.n.d.ʌ.l	t.ɹ.ʌ.n.d.ʌ.l.d
ʌ.n.v.eɪ.l	ʌ.n.v.eɪ.l.d
w.ɑ.l.oʊ	w.ɑ.l.oʊ.d
æ.p.ɹ.ɪ.h.ɛ.n.d	æ.p.ɹ.ɪ.h.ɛ.n.d.ʌ.d
ʌ.p.ɹ.oʊ.p.ɹ.i.ʌ.t	ʌ.p.ɹ.oʊ.p.ɹ.i.eɪ.t.ɪ.d
k.ɑ.n.f.aʊ.n.d	k.ʌ.n.f.aʊ.n.d.ɪ.d
d.ɪ.s.aɪ.f.ɚ	d.ɪ.s.aɪ.f.ɚ.d
d.ɪ.s.ʌ.p.ɔɪ.n.t	d.ɪ.s.ʌ.p.ɔɪ.n.t.ɪ.d
ɪ.l.æ.p.s	ɪ.l.æ.p.s.t
ɛ.ɹ	ɛ.ɹ.d
f.ɛ.ɹ	f.ɛ.ɹ.d
f.ɚ.m.ɛ.n.t	f.ɚ.m.ɛ.n.t.ʌ.d
f.ɹ.eɪ	f.ɹ.eɪ.d
g.ɑ.l.f	g.ɑ.l.f.t
ɪ.n.t.ɚ.s.p.ɚ.s	ɪ.n.t.ɚ.s.p.ɚ.s.t
p.ɛ.g	p.ɛ.g.d
s.k.æ.m.p.ɚ	s.k.æ.m.p.ɚ.d
s.ɪ.n.θ.ʌ.s.aɪ.z	s.ɪ.n.θ.ɪ.s.aɪ.z.d
t.ɹ.æ.n.s.p.l.æ.n.t	t.ɹ.æ.n.s.p.l.æ.n.t.ɪ.d
ʌ.s.eɪ.l	ʌ.s.eɪ.l.d
b.oʊ.l.s.t.ɚ	b.oʊ.l.s.t.ɚ.d
b.ɔɪ.k.ɑ.t	b.ɔɪ.k.ɑ.t.ɪ.d
b.ɹ.eɪ.d	b.ɹ.eɪ.d.ɪ.d
k.ʌ.m.j.u.t	k.ʌ.m.j.u.t.ɪ.d
k.ɔ.ɹ.ʌ.g.eɪ.t	k.ɔ.ɹ.ʌ.g.eɪ.t.ʌ.d
d.æ.m.p	d.æ.m.p.t
f.l.ɔ.n.t	f.l.ɔ.n.t.ɪ.d
l.ʌ.l	l.ʌ.l.d
p.ɛ.ɹ	p.ɛ.ɹ.d
p.ɚ.v.ɚ.t	p.ɚ.v.ɚ.t.ɪ.d
p.ɑ.k.ʌ.t	p.ɑ.k.ʌ.t.ɪ.d
ɹ.ɛ.k.ʌ.l.ɛ.k.t	ɹ.ɛ.k.ʌ.l.ɛ.k.t.ɪ.d
s.aɪ.t	s.aɪ.t.ʌ.d
s.aɪ.z	s.aɪ.z.d
s.l.æ.n.t	s.l.æ.n.t.ʌ.d
s.p.æ.t.ɚ	s.p.æ.t.ɚ.d
s.t.ɹ.æ.d.ʌ.l	s.t.ɹ.æ.d.ʌ.l.d
t.ɛ.ɹ.ʌ.ɹ.aɪ.z	t.ɛ.ɹ.ʌ.ɹ.aɪ.z.d
ʌ.n.dʒ.ʌ.l.eɪ.t	ʌ.n.dʒ.ʌ.l.eɪ.t.ʌ.d
b.ɹ.eɪ.n.w.ɑ.ʃ	b.ɹ.eɪ.n.w.ɑ.ʃ.t
b.ɹ.ɪ.m	b.ɹ.ɪ.m.d
b.ʊ.tʃ.ɚ	b.ʊ.tʃ.ɚ.d
tʃ.ɑ.ɹ	tʃ.ɑ.ɹ.d
k.ʌ.l	k.ʌ.l.d
d.ɪ.s.ɛ.n.t.ɹ.ʌ.l.aɪ.z	d.ɪ.s.ɛ.n.t.ɹ.ʌ.l.aɪ.z.d
d.ɪ.f.j.u.s	d.ɪ.f.j.u.z.d
d.ɪ.s.g.ɹ.eɪ.s	d.ɪ.s.g.ɹ.eɪ.s.t
ɛ.m.b.ɪ.t.ɚ	ɛ.m.b.ɪ.t.ɚ.d
ɪ.m.p.aʊ.ɚ	ɪ.m.p.aʊ.ɚ.d
f.ɔ.ɹ.k	f.ɔ.ɹ.k.t
f.ɔ.ɹ.m.ʌ.l.aɪ.z	f.ɔ.ɹ.m.ʌ.l.aɪ.z.d
f.ɹ.i.k.w.ʌ.n.t	f.ɹ.i.k.w.ʌ.n.t.ɪ.d
ɪ.n.s.t.ɪ.t.u.t	ɪ.n.s.t.ɪ.t.u.t.ɪ.d
l.ɛ.v.i	l.ɛ.v.i.d
l.oʊ.k.ʌ.l.aɪ.z	l.oʊ.k.ʌ.l.aɪ.z.d
p.oʊ.l.ɚ.aɪ.z	p.oʊ.l.ɚ.aɪ.z.d
p.ɹ.oʊ.l.ɪ.f.ɚ.eɪ.t	p.ɹ.ʌ.l.ɪ.f.ɚ.eɪ.t.ɪ.d
ɹ.i.ʌ.f.ɚ.m	ɹ.i.ʌ.f.ɚ.m.d
ɹ.i.s.ɚ.tʃ	ɹ.i.s.ɚ.tʃ.t
s.p.ɹ.ɪ.n.t	s.p.ɹ.ɪ.n.t.ɪ.d
s.t.ʌ.m.p	s.t.ʌ.m.p.t
s.w.i.t.ʌ.n	s.w.i.t.ʌ.n.d
t.ɪ.n.dʒ	t.ɪ.ŋ.d
ʌ.n.ɹ.oʊ.l	ʌ.n.ɹ.oʊ.l.d
j.u.s.ɚ.p	j.u.s.ɚ.p.t
v.ɛ.t	v.ɛ.t.ɪ.d
æ.m.b.ʊ.ʃ	æ.m.b.ʊ.ʃ.t
b.ɑ.m.b.ɑ.ɹ.d	b.ɑ.m.b.ɑ.ɹ.d.ɪ.d
d.ɛ.l.ʌ.g.eɪ.t	d.ɛ.l.ʌ.g.eɪ.t.ʌ.d
d.ɪ.s.ɛ.m.ʌ.n.eɪ.t	d.ɪ.s.ɛ.m.ʌ.n.eɪ.t.ʌ.d
ɛ.n.l.aɪ.t.ʌ.n	ɛ.n.l.aɪ.t.ʌ.n.d
ɛ.n.l.aɪ.v.ʌ.n	ɛ.n.l.aɪ.v.ʌ.n.d
f.ɛ.ð.ɚ	f.ɛ.ð.ɚ.d
f.ʌ.l.eɪ	f.ɪ.l.ʌ.t.ɪ.d
g.æ.s	g.æ.s.t
g.l.ɔ.ɹ.ʌ.f.aɪ	g.l.ɔ.ɹ.ʌ.f.aɪ.d
ɪ.n.t.ɚ.t.w.aɪ.n	ɪ.n.t.ɚ.t.w.aɪ.n.d
l.ɛ.dʒ.ɪ.s.l.eɪ.t	l.ɛ.dʒ.ʌ.s.l.eɪ.t.ʌ.d
m.eɪ.m	m.eɪ.m.d
m.ɑ.d.ɚ.ʌ.t	m.ɑ.d.ɚ.eɪ.t.ɪ.d
oʊ.v.ɚ.ɛ.s.t.ʌ.m.eɪ.t	oʊ.v.ɚ.ɛ.s.t.ʌ.m.eɪ.t.ɪ.d
p.l.ʌ.m.p	p.l.ʌ.m.p.t
p.ɚ.p.ɔ.ɹ.t	p.ɚ.p.ɔ.ɹ.t.ɪ.d
s.k.eɪ.t	s.k.eɪ.t.ɪ.d
s.t.i.l	s.t.i.l.d
t.ɹ.ɪ.k	t.ɹ.ɪ.k.t
v.eɪ.k.eɪ.t	v.eɪ.k.eɪ.t.ʌ.d
w.ɑ.f.t	w.ɑ.f.t.ɪ.d
j.æ.ŋ.k	j.æ.ŋ.k.t
ɑ	ɔ.d
b.ɪ.l.ɪ.t.ʌ.l	b.ɪ.l.ɪ.t.ʌ.l.d
b.ɪ.l	b.ɪ.l.d
b.ʌ.dʒ	b.ʌ.dʒ.d
b.ʌ.t.ɚ	b.ʌ.t.ɚ.d
k.ɹ.ɪ.n.dʒ	k.ɹ.ɪ.n.dʒ.d
d.ɪ.s.p.ɹ.u.v	d.ɪ.s.p.ɹ.u.v.d
d.ɪ.s.w.eɪ.d	d.ɪ.s.w.eɪ.d.ɪ.d
d.w.ɔ.ɹ.f	d.w.ɔ.ɹ.f.t
ɪ.v.ɪ.k.t	ɪ.v.ɪ.k.t.ɪ.d
h.ɔ.k	h.ɔ.k.t
dʒ.ɑ.t	dʒ.ɑ.t.ɪ.d
p.ɛ.n	p.ɛ.n.d
ɹ.i.dʒ.ɛ.n.ɚ.eɪ.t	ɹ.i.dʒ.ɛ.n.ɚ.eɪ.t.ɪ.d
ɹ.i.ɪ.t.ɚ.eɪ.t	ɹ.i.ɪ.t.ɚ.eɪ.t.ɪ.d
ɹ.ɪ.p.ɛ.n.t	ɹ.ɪ.p.ɛ.n.t.ɪ.d
s.k.ɹ.ɔ.l	s.k.ɹ.ɔ.l.d
s.p.ɔ.ɹ.t	s.p.ɔ.ɹ.t.ɪ.d
s.t.ʌ.b	s.t.ʌ.b.d
t.i.t.ɚ	t.i.t.ɚ.d
t.ɪ.p.ʌ.f.aɪ	t.ɪ.p.ʌ.f.aɪ.d
ʌ.v.eɪ.l	ʌ.v.eɪ.l.d
b.ɑ.s	b.ɑ.s.t
k.ʌ.dʒ.oʊ.l	k.ʌ.dʒ.oʊ.l.d
k.ʌ.n.k.ɑ.k.t	k.ʌ.n.k.ɑ.k.t.ʌ.d
k.ʌ.n.s.t.ɹ.ɪ.k.t	k.ʌ.n.s.t.ɹ.ɪ.k.t.ʌ.d
ɛ.n.k.ɹ.ʌ.s.t	ɛ.n.k.ɹ.ʌ.s.t.ɪ.d
ɛ.k.s.h.eɪ.l	ɛ.k.s.h.eɪ.l.d
f.ɛ.ɹ.i	f.ɛ.ɹ.i.d
f.ɹ.ɔ.s.t	f.ɹ.ɔ.s.t.ʌ.d
h.i.d	h.i.d.ʌ.d
ɪ.n.t.ɚ	ɪ.n.t.ɚ.d
l.i.s	l.i.s.t
aʊ.t.s.t.ɹ.ɪ.p	aʊ.t.s.t.ɹ.ɪ.p.t
oʊ.v.ɚ.ɹ.ʌ.n	oʊ.v.ɚ.ɹ.æ.n
p.ɛ.t	p.ɛ.t.ʌ.d
p.aʊ.d.ɚ	p.aʊ.d.ɚ.d
ɹ.æ.t.ʌ.f.aɪ	ɹ.æ.t.ʌ.f.aɪ.d
s.ʌ.l.ɪ.s.ɪ.t	s.ʌ.l.ɪ.s.ɪ.t.ɪ.d
s.t.eɪ.k	s.t.eɪ.k.t
s.u.p.ɚ.ʌ.m.p.oʊ.z	s.u.p.ɚ.ʌ.m.p.oʊ.z.d
t.ɑ.ɹ.n.ɪ.ʃ	t.ɑ.ɹ.n.ɪ.ʃ.t
t.ɪ.ŋ.k.ɚ	t.ɪ.ŋ.k.ɚ.d
ʌ.n.ɚ.θ	ʌ.n.ɚ.θ.t
ʌ.p	ʌ.p.t
v.ɛ.n.t	v.ɛ.n.t.ɪ.d
ʌ.d.ɪ.k.t	ʌ.d.ɪ.k.t.ɪ.d
b.ɚ.dʒ.ʌ.n	b.ɚ.dʒ.ʌ.n.d
k.ɑ.b.ʌ.l	k.ɑ.b.ʌ.l.d
k.ɑ.n.s.ʌ.k.ɹ.eɪ.t	k.ɑ.n.s.ʌ.k.ɹ.eɪ.t.ʌ.d
k.ʌ.n.s.aɪ.n	k.ʌ.n.s.aɪ.n.d
ɛ.n.dʒ.ʌ.n.ɪ.ɹ	ɛ.n.dʒ.ʌ.n.i.ɹ.d
i.k.w.ʌ.l.aɪ.z	i.k.w.ʌ.l.aɪ.z.d
ɛ.v.ʌ.d.ʌ.n.s	ɛ.v.ɪ.d.ʌ.n.s.t
f.ɛ.n.s	f.ɛ.n.s.t
f.l.ɔ	f.l.ɔ.d
ɪ.n.s.aɪ.t	ɪ.n.s.aɪ.t.ɪ.d
m.ɛ.z.m.ɚ.aɪ.z	m.ɛ.z.m.ɚ.aɪ.z.d
p.i.k	p.i.k.t
p.oʊ.l	p.oʊ.l.d
p.ɹ.ɑ.p.ʌ.g.eɪ.t	p.ɹ.ɑ.p.ʌ.g.eɪ.t.ɪ.d
p.ɹ.u.n	p.ɹ.u.n.d
s.ɪ.k.ʌ.n	s.ɪ.k.ʌ.n.d
v.æ.l.ʌ.d.eɪ.t	v.æ.l.ʌ.d.eɪ.t.ʌ.d
ʌ.l.aɪ.n	ʌ.l.aɪ.n.d
ʌ.s.w.eɪ.dʒ	ʌ.s.w.eɪ.dʒ.d
k.ʌ.n.v.i.n	k.ʌ.n.v.i.n.d
d.ɑ.ɹ.n	d.ɑ.ɹ.n.d
d.eɪ.d.ɹ.i.m	d.eɪ.d.ɹ.i.m.d
d.ʌ.l	d.ʌ.l.d
ɛ.n.ʃ.ɹ.aɪ.n	ɛ.n.ʃ.ɹ.aɪ.n.d
f.ɔ.ɹ.t.ɛ.l	f.ɔ.ɹ.t.oʊ.l.d
g.aʊ.dʒ	g.aʊ.dʒ.d
h.ɔ.ɹ.d	h.ɔ.ɹ.d.ɪ.d
l.u.s	l.u.s.t
m.ɪ.s.p.l.eɪ.s	m.ɪ.s.p.l.eɪ.s.t
aʊ.t.w.ɪ.t	aʊ.t.w.ɪ.t.ʌ.d
oʊ.v.ɚ.s.i	oʊ.v.ɚ.s.ɔ
p.ɹ.oʊ.k.j.ʊ.ɹ	p.ɹ.oʊ.k.j.ʊ.ɹ.d
s.oʊ.b.ɚ	s.oʊ.b.ɚ.d
s.p.æ.ŋ.k	s.p.æ.ŋ.k.t
s.p.ɚ.n	s.p.ɚ.n.d
z.ɪ.p	z.ɪ.p.t
ʌ.n.aɪ.ʌ.l.eɪ.t	ʌ.n.aɪ.ʌ.l.eɪ.t.ɪ.d
b.l.ɛ.ɹ	b.l.ɛ.ɹ.d
b.ɹ.oʊ.tʃ	b.ɹ.oʊ.tʃ.t
k.ɑ.ŋ.g.ɹ.ʌ.g.eɪ.t	k.ɑ.ŋ.g.ɹ.ɪ.g.eɪ.t.ɪ.d
k.ʊ.ʃ.ʌ.n	k.ʊ.ʃ.ʌ.n.d
d.æ.b.ʌ.l	d.æ.b.ʌ.l.d
d.ʌ.b.eɪ.s	d.ʌ.b.eɪ.s.t
d.ɪ.ɹ.eɪ.n.dʒ	d.ɪ.ɹ.eɪ.n.dʒ.d
d.ɪ.s.f.ɪ.g.j.ɚ	d.ɪ.s.f.ɪ.g.j.ɚ.d
ɪ.s.p.aʊ.z	ɪ.s.p.aʊ.z.d
f.ɔ.l.t	f.ɔ.l.t.ɪ.d
m.ʌ.n.ɑ.p.ʌ.l.aɪ.z	m.ʌ.n.ɑ.p.ʌ.l.aɪ.z.d
p.i	p.i.d
ɹ.i.u.n.aɪ.t	ɹ.i.u.n.aɪ.t.ɪ.d
ɹ.i.v.aɪ.t.ʌ.l.aɪ.z	ɹ.i.v.aɪ.t.ʌ.l.aɪ.z.d
s.p.aɪ.s	s.p.aɪ.s.t
t.æ.k	t.æ.k.t
t.oʊ.l	t.oʊ.l.d
w.eɪ.t	w.eɪ.t.ɪ.d
ʌ.b.eɪ.t	ʌ.b.eɪ.t.ɪ.d
æ.m.b.ʌ.l	æ.m.b.ʌ.l.d
ʌ.p.ɹ.ɑ.k.s.ʌ.m.ʌ.t	ʌ.p.ɹ.ɑ.k.s.ʌ.m.eɪ.t.ʌ.d
b.eɪ.t	b.eɪ.t.ɪ.d
f.j.u.m	f.j.u.m.d
g.æ.l.v.ʌ.n.aɪ.z	g.æ.l.v.ʌ.n.aɪ.z.d
h.ɔ.s.p.ɪ.t.ʌ.l.aɪ.z	h.ɑ.s.p.ɪ.t.ʌ.l.aɪ.z.d
h.j.u.m.ʌ.n.aɪ.z	h.j.u.m.ʌ.n.aɪ.z.d
ɪ.n.t.ɚ.ɹ.ɪ.l.eɪ.t	ɪ.n.t.ɚ.ɹ.ɪ.l.eɪ.t.ɪ.d
ɪ.n.t.ɑ.k.s.ʌ.k.eɪ.t	ɪ.n.t.ɑ.k.s.ʌ.k.eɪ.t.ʌ.d
n.aɪ.f	n.aɪ.f.t
p.ɚ.t.ɚ.b	p.ɚ.t.ɚ.b.d
ɹ.i.p.l.ɛ.n.ɪ.ʃ	ɹ.i.p.l.ɛ.n.ɪ.ʃ.t
s.æ.b.ʌ.t.ɑ.ʒ	s.æ.b.ʌ.t.ɑ.ʒ.d
ʃ.æ.k.ʌ.l	ʃ.æ.k.ʌ.l.d
ʃ.ʌ.n.t	ʃ.ʌ.n.t.ɪ.d
s.ɪ.z.ʌ.l	s.ɪ.z.ʌ.l.d
s.l.ɑ.t	s.l.ɑ.t.ɪ.d
θ.ʌ.m	θ.ʌ.m.d
t.ɪ.n.t	t.ɪ.n.t.ɪ.d
w.ɪ.t.ʌ.l	w.ɪ.t.ʌ.l.d
ʌ.m.æ.l.g.ʌ.m.eɪ.t	ʌ.m.æ.l.g.ʌ.m.eɪ.t.ɪ.d
b.eɪ	b.eɪ.d
b.ɹ.æ.n.d.ɪ.ʃ	b.ɹ.æ.n.d.ɪ.ʃ.t
k.eɪ.k	k.eɪ.k.t
k.ɑ.ɹ.p.ʌ.t	k.ɑ.ɹ.p.ʌ.t.ɪ.d
k.ɑ.ʃ.ʌ.n	k.ɑ.ʃ.ʌ.n.d
k.l.ɪ.n.tʃ	k.l.ɪ.n.tʃ.t
k.ʌ.v.ʌ.t	k.ʌ.v.ʌ.t.ɪ.d
k.ʌ.f	k.ʌ.f.t
d.ʌ.b.ɪ.l.ʌ.t.eɪ.t	d.ʌ.b.ɪ.l.ʌ.t.eɪ.t.ɪ.d
d.i.p.ɹ.eɪ.v	d.i.p.ɹ.eɪ.v.d
d.aɪ.l.eɪ.t	d.aɪ.l.eɪ.t.ɪ.d
d.aɪ.s.ɛ.k.t	d.aɪ.s.ɛ.k.t.ʌ.d
ɪ.l.ɛ.k.t.ɹ.ʌ.f.aɪ	ɪ.l.ɛ.k.t.ɹ.ʌ.f.aɪ.d
ɪ.n.k.ɹ.oʊ.tʃ	ɪ.n.k.ɹ.oʊ.tʃ.t
ɪ.k.s.t.ɚ.m.ʌ.n.eɪ.t	ɪ.k.s.t.ɚ.m.ʌ.n.eɪ.t.ɪ.d
g.oʊ.d	g.oʊ.d.ɪ.d
ɪ.n.tʃ	ɪ.n.tʃ.t
ɪ.n.t.ɚ.dʒ.ɛ.k.t	ɪ.n.t.ɚ.dʒ.ɛ.k.t.ɪ.d
dʒ.æ.ŋ.g.ʌ.l	dʒ.æ.ŋ.g.ʌ.l.d
k.ɪ.n.d.ʌ.l	k.ɪ.n.d.ʌ.l.d
m.ɔɪ.s.ʌ.n	m.ɔɪ.s.ʌ.n.d
ɔ.ɹ.k.ɪ.s.t.ɹ.eɪ.t	ɔ.ɹ.k.ɪ.s.t.ɹ.eɪ.t.ɪ.d
aʊ.s.t	aʊ.s.t.ɪ.d
oʊ.v.ɚ.w.ɚ.k	oʊ.v.ɚ.w.ɚ.k.t
p.eɪ.v	p.eɪ.v.d
ɹ.æ.n.t	ɹ.æ.n.t.ʌ.d
ɹ.i.m.ɛ.ɹ.i	ɹ.i.m.ɛ.ɹ.i.d
s.aʊ.ɚ	s.aʊ.ɚ.d
s.p.j.u	s.p.j.u.d
s.t.ɑ.m.p	s.t.ɑ.m.p.t
t.æ.k.s.i	t.æ.k.s.i.d
t.ɹ.ɛ.b.ʌ.l	t.ɹ.ɛ.b.ʌ.l.d
v.i.t.oʊ	v.i.t.oʊ.d
æ.b.d.ʌ.k.eɪ.t	æ.b.d.ʌ.k.eɪ.t.ʌ.d
b.æ.n.d	b.æ.n.d.ɪ.d
k.æ.t.ʌ.l.ɔ.g	k.æ.t.ʌ.l.ɔ.g.d
k.ʌ.n.s.t.ɹ.u	k.ʌ.n.s.t.ɹ.u.d
d.ɪ.l.ɪ.b.ɚ.ʌ.t	d.ɪ.l.ɪ.b.ɚ.eɪ.t.ɪ.d
f.ɔ.ɹ.s.eɪ.k	f.ɔ.ɹ.s.ʊ.k
ɪ.n.f.l.eɪ.m	ɪ.n.f.l.eɪ.m.d
dʒ.ɚ.n.i	dʒ.ɚ.n.i.d
m.ɑ.ɹ.ʃ.ʌ.l	m.ɑ.ɹ.ʃ.ʌ.l.d
n.ɛ.s.t	n.ɛ.s.t.ʌ.d
p.æ.m.p.ɚ	p.æ.m.p.ɚ.d
p.ɚ.s.ʌ.n.ʌ.l.aɪ.z	p.ɚ.s.ʌ.n.ʌ.l.aɪ.z.d
p.ɹ.ɛ.ʃ.ɚ	p.ɹ.ɛ.ʃ.ɚ.d
ɹ.eɪ.v	ɹ.eɪ.v.d
ʃ.eɪ.m	ʃ.eɪ.m.d
ʃ.ʌ.t.ɚ	ʃ.ʌ.t.ɚ.d
t.eɪ.n.t	t.eɪ.n.t.ɪ.d
t.æ.n.t.ʌ.l.aɪ.z	t.æ.n.t.ʌ.l.aɪ.z.d
ʌ.p.oʊ.l.s.t.ɚ	ʌ.p.oʊ.l.s.t.ɚ.d
æ.b.h.ɔ.ɹ	ʌ.b.h.ɔ.ɹ.d
ʌ.m.æ.s	ʌ.m.æ.s.t
b.l.ʌ.f	b.l.ʌ.f.t
tʃ.eɪ.f	tʃ.eɪ.f.t
k.ʌ.n.k.ɚ	k.ʌ.n.k.ɚ.d
k.ɚ.ɑ.b.ɚ.eɪ.t	k.ɚ.ɑ.b.ɚ.eɪ.t.ɪ.d
k.ɹ.æ.m.p	k.ɹ.æ.m.p.t
d.ɪ.f.l.eɪ.t	d.ɪ.f.l.eɪ.t.ɪ.d
ɪ.g.z.æ.k.t	ɪ.g.z.æ.k.t.ɪ.d
g.ɹ.æ.f.t	g.ɹ.æ.f.t.ɪ.d
ɪ.n.s.t.ʌ.g.eɪ.t	ɪ.n.s.t.ʌ.g.eɪ.t.ɪ.d
dʒ.ʌ.g.ʌ.l	dʒ.ʌ.g.ʌ.l.d
l.i.g.ʌ.l.aɪ.z	l.i.g.ʌ.l.aɪ.z.d
l.ʌ.m.p	l.ʌ.m.p.t
m.ɔ.ɹ.g.ʌ.dʒ	m.ɔ.ɹ.g.ɪ.dʒ.d
n.ɛ.k	n.ɛ.k.t
p.ɛ.l.t	p.ɛ.l.t.ɪ.d
p.l.ʌ.n.d.ɚ	p.l.ʌ.n.d.ɚ.d
ɹ.i.k.ɔɪ.l	ɹ.i.k.ɔɪ.l.d
ɹ.ɛ.z.ɚ.ɛ.k.t	ɹ.ɛ.z.ɚ.ɛ.k.t.ɪ.d
s.k.æ.n.d.ʌ.l.aɪ.z	s.k.æ.n.d.ʌ.l.aɪ.z.d
s.aɪ.d.ʌ.l	s.aɪ.d.ʌ.l.d
s.ʌ.l.ɪ.d.ʌ.f.aɪ	s.ʌ.l.ɪ.d.ʌ.f.aɪ.d
s.ɚ.m.aɪ.z	s.ɚ.m.aɪ.z.d
t.ɛ.l.ʌ.v.aɪ.z	t.ɛ.l.ʌ.v.aɪ.z.d
ʌ.n.z.ɪ.p	ʌ.n.z.ɪ.p.t
ʌ.l.eɪ	ʌ.l.eɪ.d
b.ɪ.f.ɹ.ɛ.n.d	b.ɪ.f.ɹ.ɛ.n.d.ɪ.d
b.ɪ.g.ɛ.t	b.i.g.ɔ.t
b.l.ʌ.n.t	b.l.ʌ.n.t.ʌ.d
k.ɹ.eɪ.n	k.ɹ.eɪ.n.d
d.i.f.ɛ.k.t	d.ɪ.f.ɛ.k.t.ɪ.d
d.ɛ.n.ʌ.g.ɹ.eɪ.t	d.ɛ.n.ɪ.g.ɹ.eɪ.t.ɪ.d
d.ɪ.s.k.ʌ.n.t.ɪ.n.j.u	d.ɪ.s.k.ʌ.n.t.ɪ.n.j.u.d
d.ɪ.s.p.ɛ.ɹ.ɪ.dʒ	d.ɪ.s.p.ɛ.ɹ.ɪ.dʒ.d
d.ɪ.v.ʌ.l.dʒ	d.ɪ.v.ʌ.l.dʒ.d
ɛ.n.s.l.eɪ.v	ɛ.n.s.l.eɪ.v.d
f.ɔ.l.s.ʌ.f.aɪ	f.ɔ.l.s.ʌ.f.aɪ.d
f.ɑ.s.ʌ.l.aɪ.z	f.ɑ.s.ʌ.l.aɪ.z.d
g.l.i.n	g.l.i.n.d
ɪ.ɹ.ʌ.g.eɪ.t	ɪ.ɹ.ʌ.g.eɪ.t.ɪ.d
l.æ.n.d.s.k.eɪ.p	l.æ.n.d.s.k.eɪ.p.t
l.ɔ.n.d.ɚ	l.ɔ.n.d.ɚ.d
l.oʊ.n	l.oʊ.n.d
p.æ.t.ɚ	p.æ.t.ɚ.d
p.ɚ.p.ʌ.t.ɹ.eɪ.t	p.ɚ.p.ʌ.t.ɹ.eɪ.t.ɪ.d
p.ɛ.s.t.ɚ	p.ɛ.s.t.ɚ.d
ɹ.æ.n.s.æ.k	ɹ.æ.n.s.æ.k.t
ɹ.i.n.eɪ.m	ɹ.i.n.eɪ.m.d
ɹ.aʊ.t	ɹ.u.t.ɪ.d
s.ɛ.g.ɹ.ʌ.g.eɪ.t	s.ɛ.g.ɹ.ʌ.g.eɪ.t.ɪ.d
s.p.ʌ.n.dʒ	s.p.ʌ.n.dʒ.d
s.ʌ.b.ɔ.ɹ.d.ʌ.n.eɪ.t	s.ʌ.b.ɔ.ɹ.d.ʌ.n.eɪ.t.ɪ.d
s.w.ɑ.ð	s.w.ɑ.ð.d
θ.ɹ.ɔ.ŋ	θ.ɹ.ɔ.ŋ.d
w.ɛ.dʒ	w.ɛ.dʒ.d
w.ɪ.z	w.ɪ.z.d
ʌ.f.ɹ.ʌ.n.t	ʌ.f.ɹ.ʌ.n.t.ɪ.d
b.ɑ.n.d	b.ɑ.n.d.ʌ.d
tʃ.ʌ.g	tʃ.ʌ.g.d
d.ɪ.l.i.t	d.ɪ.l.i.t.ʌ.d
d.ɪ.s.b.æ.n.d	d.ɪ.s.b.æ.n.d.ɪ.d
d.ɪ.s.k.ʌ.n.ɛ.k.t	d.ɪ.s.k.ʌ.n.ɛ.k.t.ɪ.d
d.ɪ.s.ɔ.ɹ.g.ʌ.n.aɪ.z	d.ɪ.s.ɔ.ɹ.g.ʌ.n.aɪ.z.d
d.ɪ.v.ɚ.dʒ	d.aɪ.v.ɚ.dʒ.d
d.aʊ.s	d.aʊ.s.t
d.ɹ.oʊ.n	d.ɹ.oʊ.n.d
ɛ.b	ɛ.b.ʌ.d
ɪ.k.l.ɪ.p.s	ɪ.k.l.ɪ.p.s.t
ɪ.g.z.ɛ.m.p.t	ɪ.g.z.ɛ.m.p.t.ɪ.d
f.ɛ.s.t.ɚ	f.ɛ.s.t.ɚ.d
f.l.ʌ.s.t.ɚ	f.l.ʌ.s.t.ɚ.d
ɪ.n.t.ɚ.n	ɪ.n.t.ɚ.n.d
l.i.f	l.i.f.t
l.ɪ.k.w.ɪ.d.eɪ.t	l.ɪ.k.w.ɪ.d.eɪ.t.ɪ.d
m.aʊ.θ	m.aʊ.ð.d
oʊ.v.ɚ.s.ɪ.m.p.l.ɪ.f.aɪ	oʊ.v.ɚ.s.ɪ.m.p.l.ɪ.f.aɪ.d
p.ɚ.s.ɑ.n.ʌ.f.aɪ	p.ɚ.s.ɑ.n.ʌ.f.aɪ.d
ɹ.ɛ.k.t.ʌ.f.aɪ	ɹ.ɛ.k.t.ʌ.f.aɪ.d
s.n.ʌ.f	s.n.ʌ.f.t
s.t.ɪ.p.j.ʌ.l.eɪ.t	s.t.ɪ.p.j.ʌ.l.eɪ.t.ɪ.d
t.ɔ.n.t	t.ɔ.n.t.ɪ.d
ʌ.p.g.ɹ.eɪ.d	ʌ.p.g.ɹ.eɪ.d.ʌ.d
ɹ.ɛ.s.t	ɹ.ɛ.s.t.ɪ.d
æ.k.s.i.d	æ.k.s.i.d.ɪ.d
ʌ.k.l.eɪ.m	ʌ.k.l.eɪ.m.d
b.eɪ.s.t	b.eɪ.s.t.ʌ.d
k.æ.t.ʌ.g.ɚ.aɪ.z	k.æ.t.ʌ.g.ɚ.aɪ.z.d
k.ɑ.m.p.l.ʌ.m.ɛ.n.t	k.ɑ.m.p.l.ʌ.m.ɛ.n.t.ɪ.d
d.ɪ.f.j.u.z	d.ɪ.f.j.u.z.d
d.ɛ.t.ʌ.n.eɪ.t	d.ɛ.t.ʌ.n.eɪ.t.ʌ.d
d.ɪ.s.m.ɛ.m.b.ɚ	d.ɪ.s.m.ɛ.m.b.ɚ.d
d.ɪ.s.k.w.ɑ.l.ʌ.f.aɪ	d.ɪ.s.k.w.ɑ.l.ʌ.f.aɪ.d
d.ɪ.s.t.ɛ.n.d	d.ɪ.s.t.ɛ.n.d.ɪ.d
ɪ.ɹ.m.ɑ.ɹ.k	ɪ.ɹ.m.ɑ.ɹ.k.t
ɪ.k.s.t.oʊ.l	ɪ.k.s.t.oʊ.l.d
f.ɹ.ʌ.n.t	f.ɹ.ʌ.n.t.ɪ.d
g.ɑ.ɹ.n.ɪ.ʃ	g.ɑ.ɹ.n.ɪ.ʃ.t
h.aʊ.n.d	h.aʊ.n.d.ɪ.d
ɪ.g.n.aɪ.t	ɪ.g.n.aɪ.t.ɪ.d
ɪ.m.p.ɹ.ɛ.g.n.eɪ.t	ɪ.m.p.ɹ.ɛ.g.n.eɪ.t.ʌ.d
ɪ.n.f.ɛ.s.t	ɪ.n.f.ɛ.s.t.ɪ.d
dʒ.ɑ.ɹ	dʒ.ɑ.ɹ.d
l.æ.ŋ.g.w.ɪ.ʃ	l.æ.ŋ.g.w.ɪ.ʃ.t
ɔ.ɹ.b.ʌ.t	ɔ.ɹ.b.ʌ.t.ʌ.d
ɑ.s.ʌ.l.eɪ.t	ɑ.s.ʌ.l.eɪ.t.ʌ.d
k.w.ɛ.l	k.w.ɛ.l.d
ɹ.ɪ.v.ɚ.b.ɚ.ʌ.t	ɹ.ɪ.v.ɚ.b.ɚ.eɪ.t.ɪ.d
s.k.ʌ.f	s.k.ʌ.f.t
s.ɛ.g.m.ʌ.n.t	s.ɛ.g.m.ɛ.n.t.ɪ.d
s.ʌ.b.v.ɚ.t	s.ʌ.b.v.ɚ.t.ɪ.d
ʌ.b.ɹ.i.v.i.eɪ.t	ʌ.b.ɹ.i.v.i.eɪ.t.ɪ.d
ʌ.b.ɔ.ɹ.t	ʌ.b.ɔ.ɹ.t.ɪ.d
ʌ.b.z.ɑ.l.v	ʌ.b.z.ɑ.l.v.d
æ.d.m.ɑ.n.ɪ.ʃ	ʌ.d.m.ɑ.n.ɪ.ʃ.t
b.æ.g	b.æ.g.d
b.ɪ.l.aɪ	b.ɪ.l.aɪ.d
k.eɪ.dʒ	k.eɪ.dʒ.d
k.aʊ.tʃ	k.aʊ.tʃ.t
k.ɹ.eɪ.z	k.ɹ.eɪ.z.d
d.ɪ.k.oʊ.d	d.ɪ.k.oʊ.d.ʌ.d
ɛ.n.m.ɛ.ʃ	ɛ.n.m.ɛ.ʃ.t
h.æ.g.ʌ.l	h.æ.g.ʌ.l.d
h.oʊ.l	h.oʊ.l.d
ɪ.n.s.ɛ.n.s	ɪ.n.s.ɛ.n.s.t
m.ɑ.l.ʌ.f.aɪ	m.ɑ.l.ʌ.f.aɪ.d
n.ɪ.g.eɪ.t	n.i.g.eɪ.t.ɪ.d
n.ɪ.k	n.ɪ.k.t
aʊ.t.l.ɪ.v	aʊ.t.l.ɪ.v.d
p.ʌ.t.ɪ.ʃ.ʌ.n	p.ʌ.t.ɪ.ʃ.ʌ.n.d
p.l.eɪ.t	p.l.eɪ.t.ʌ.d
p.ɑ.p.j.ʌ.l.ɚ.aɪ.z	p.ɑ.p.j.ʌ.l.ɚ.aɪ.z.d
p.ɑ.z.ʌ.t	p.ɑ.z.ʌ.t.ʌ.d
ɹ.ɪ.dʒ.u.v.ʌ.n.eɪ.t	ɹ.ɪ.dʒ.u.v.ʌ.n.eɪ.t.ɪ.d
ɹ.ɑ.k.ʌ.t	ɹ.ɑ.k.ʌ.t.ɪ.d
ɹ.ʌ.p.tʃ.ɚ	ɹ.ʌ.p.tʃ.ɚ.d
s.p.aɪ.k	s.p.aɪ.k.t
s.t.i.p	s.t.i.p.t
s.t.ɹ.æ.g.ʌ.l	s.t.ɹ.æ.g.ʌ.l.d
s.w.ɪ.ʃ	s.w.ɪ.ʃ.t
w.ɚ.d	w.ɚ.d.ɪ.d
ʌ.k.ɔ.s.t	ʌ.k.ɑ.s.t.ʌ.d
æ.k.w.i.ɛ.s	æ.k.w.i.ɛ.s.t
æ.m.p.j.ʌ.t.eɪ.t	æ.m.p.j.ʌ.t.eɪ.t.ɪ.d
b.ɔ.k	b.ɔ.k.t
tʃ.aɪ.d	tʃ.aɪ.d.ɪ.d
k.ɹ.æ.ŋ.k	k.ɹ.æ.ŋ.k.t
d.ɛ.n.t	d.ɛ.n.t.ɪ.d
ɛ.k.s.t.ɹ.ʌ.k.eɪ.t	ɛ.k.s.t.ɹ.ʌ.k.eɪ.t.ɪ.d
h.æ.l.oʊ	h.æ.l.oʊ.d
aɪ.d.ʌ.l	aɪ.d.ʌ.l.d
ɪ.m.oʊ.b.ʌ.l.aɪ.z	ɪ.m.oʊ.b.ʌ.l.aɪ.z.d
l.æ.tʃ	l.æ.tʃ.t
m.æ.ŋ.g.ʌ.l	m.æ.ŋ.g.ʌ.l.d
m.ɪ.s.ɪ.n.t.ɚ.p.ɹ.ʌ.t	m.ɪ.s.ɪ.n.t.ɚ.p.ɹ.ʌ.t.ɪ.d
oʊ.v.ɚ.h.ɔ.l	oʊ.v.ɚ.h.ɔ.l.d
p.ɚ.f.j.u.m	p.ɚ.f.j.u.m.d
p.ɚ.p.l.ɛ.k.s	p.ɚ.p.l.ɛ.k.s.t
p.ɹ.i.n	p.ɹ.i.n.d
ɹ.ɪ.s.ɪ.p.ɹ.ʌ.k.eɪ.t	ɹ.ɪ.s.ɪ.p.ɹ.ʌ.k.eɪ.t.ɪ.d
ɹ.i.h.ʌ.b.ɪ.l.ʌ.t.eɪ.t	ɹ.i.h.ʌ.b.ɪ.l.ʌ.t.eɪ.t.ɪ.d
ɹ.u.s.t	ɹ.u.s.t.ɪ.d
ɹ.oʊ.p	ɹ.oʊ.p.t
ʃ.aɪ	ʃ.aɪ.d
s.l.ɚ	s.l.ɚ.d
s.m.ʌ.dʒ	s.m.ʌ.dʒ.d
θ.i.ɚ.aɪ.z	θ.i.ɚ.aɪ.z.d
ʌ.p.l.ɪ.f.t	ʌ.p.l.ɪ.f.t.ɪ.d
z.u.m	z.u.m.d
ʌ.b.ɛ.t	ʌ.b.ɛ.t.ɪ.d
ʌ.dʒ.ɚ.n	ʌ.dʒ.ɚ.n.d
ʌ.p.ɹ.eɪ.z	ʌ.p.ɹ.eɪ.z.d
b.l.æ.ŋ.k.ʌ.t	b.l.æ.ŋ.k.ʌ.t.ɪ.d
b.l.aɪ.t	b.l.aɪ.t.ɪ.d
d.ɛ.k	d.ɛ.k.t
d.ɪ.v.æ.l.j.u	d.ɪ.v.æ.l.j.u.d
d.i.v.i.eɪ.t	d.i.v.i.eɪ.t.ɪ.d
d.ɪ.s.ɪ.n.g.eɪ.dʒ	d.ɪ.s.ɪ.n.g.eɪ.dʒ.d
d.ɑ.n	d.ɑ.n.d
ɛ.s.tʃ.u	ɛ.ʃ.u.d
h.ɛ.m	h.ɛ.m.d
aʊ.t.d.u	aʊ.t.d.ɪ.d
p.æ.s.ʌ.f.aɪ	p.æ.s.ʌ.f.aɪ.d
p.ɛ.ɹ	p.ɛ.ɹ.d
p.eɪ.s.t	p.eɪ.s.t.ɪ.d
ɹ.æ.m.b.ʌ.l	ɹ.æ.m.b.ʌ.l.d
ɹ.i.d.ɚ.ɛ.k.t	ɹ.i.d.ɚ.ɛ.k.t.ɪ.d
ɹ.i.f.ɚ.b.ɪ.ʃ	ɹ.i.f.ɚ.b.ɪ.ʃ.t
ɹ.ɛ.p.ɹ.ʌ.m.æ.n.d	ɹ.ɛ.p.ɹ.ʌ.m.æ.n.d.ɪ.d
ɹ.i.t.ɹ.eɪ.s	ɹ.i.t.ɹ.eɪ.s.t
s.ɪ.ɹ	s.ɪ.ɹ.d
θ.ɹ.ɑ.t.ʌ.l	θ.ɹ.ɑ.t.ʌ.l.d
t.ɹ.ɛ.k	t.ɹ.ɛ.k.t
w.ɛ.s.t.ɚ.n.aɪ.z	w.ɛ.s.t.ɚ.n.aɪ.z.d
ʌ.t.ɛ.s.t	ʌ.t.ɛ.s.t.ɪ.d
k.ʌ.p.ɪ.tʃ.u.l.eɪ.t	k.ʌ.p.ɪ.tʃ.ʌ.l.eɪ.t.ɪ.d
s.ɚ.t.ʌ.f.aɪ	s.ɚ.t.ʌ.f.aɪ.d
k.oʊ.ʌ.l.ɛ.s	k.oʊ.ʌ.l.ɛ.s.t
d.ɪ.m.i.n	d.ɪ.m.i.n.d
d.ɪ.s.ɪ.l.u.ʒ.ʌ.n	d.ɪ.s.ɪ.l.u.ʒ.ʌ.n.d
ɛ.n.t.w.aɪ.n	ɛ.n.t.w.aɪ.n.d
ɛ.k.s.t.ɹ.ʌ.d.aɪ.t	ɛ.k.s.t.ɹ.ʌ.d.aɪ.t.ɪ.d
f.æ.s.t	f.æ.s.t.ɪ.d
ɪ.n.k.ʌ.p.æ.s.ɪ.t.eɪ.t	ɪ.n.k.ʌ.p.æ.s.ɪ.t.eɪ.t.ɪ.d
ɪ.n.s.ɪ.n.j.u.eɪ.t	ɪ.n.s.ɪ.n.j.u.eɪ.t.ɪ.d
ɪ.n.t.ʌ.m.ʌ.t	ɪ.n.t.ɪ.m.eɪ.t.ɪ.d
ɪ.n.v.ɪ.g.ɚ.ɪ.t	ɪ.n.v.ɪ.g.ɚ.eɪ.t.ɪ.d
m.j.u.t	m.j.u.t.ɪ.d
n.u.t.ɚ	n.u.t.ɚ.d
p.æ.s.tʃ.ɚ.aɪ.z	p.æ.s.tʃ.ɚ.aɪ.z.d
ɹ.i.d.ʌ.b.ʌ.l	ɹ.i.d.ʌ.b.ʌ.l.d
ɹ.i.g.ɹ.u.p	ɹ.i.g.ɹ.u.p.t
ɹ.i.θ.ɪ.ŋ.k	ɹ.i.θ.ɔ.t
s.p.l.æ.t.ɚ	s.p.l.æ.t.ɚ.d
s.p.aʊ.t	s.p.aʊ.t.ʌ.d
t.u.t.ɚ	t.u.t.ɚ.d
v.ɛ.k.s	v.ɛ.k.s.t
v.ɪ.k.t.ʌ.m.aɪ.z	v.ɪ.k.t.ʌ.m.aɪ.z.d
æ.n.ɛ.k.s	æ.n.ɛ.k.s.t
b.ɑ.ɹ.dʒ	b.ɑ.ɹ.dʒ.d
b.ɪ.k.w.i.θ	b.ʌ.k.w.i.θ.t
b.ɹ.eɪ.v	b.ɹ.eɪ.v.d
b.ʌ.dʒ.ɪ.t	b.ʌ.dʒ.ɪ.t.ʌ.d
tʃ.æ.m.p.i.ʌ.n	tʃ.æ.m.p.i.ʌ.n.d
tʃ.ɑ.ɹ.t	tʃ.ɑ.ɹ.t.ʌ.d
k.l.ɑ.b.ɚ	k.l.ɑ.b.ɚ.d
k.j.u.b	k.j.u.b.d
d.ɪ.k.ɹ.aɪ	d.ɪ.k.ɹ.aɪ.d
ɛ.n.k.æ.p.s.ʌ.l.eɪ.t	ɛ.n.k.æ.p.s.ʌ.l.eɪ.t.ɪ.d
f.aʊ.n.d.ɚ	f.aʊ.n.d.ɚ.d
l.ɪ.n.tʃ	l.ɪ.n.tʃ.t
m.ɪ.s.ɹ.ɛ.p.ɹ.ʌ.z.ɛ.n.t	m.ɪ.s.ɹ.ɛ.p.ɹ.ɪ.z.ɛ.n.t.ɪ.d
m.ɔ.dʒ.j.u.l.eɪ.t	m.ɔ.dʒ.j.u.l.eɪ.t.ɪ.d
n.i.d.ʌ.l	n.i.d.ʌ.l.d
p.l.ɑ.p	p.l.ɑ.p.t
p.ɹ.ɛ.dʒ.ʌ.d.ɪ.s	p.ɹ.ɛ.dʒ.ʌ.d.ʌ.s.t
ɹ.æ.d.ɪ.k.ʌ.l.aɪ.z	ɹ.æ.d.ɪ.k.ʌ.l.aɪ.z.d
s.æ.p	s.æ.p.t
s.ɪ.l.ʌ.w.ɛ.t	s.ɪ.l.ʌ.w.ɛ.t.ɪ.d
s.ʌ.b.d.ʌ.v.aɪ.d	s.ʌ.b.d.ɪ.v.aɪ.d.ɪ.d
t.ɹ.ɪ.p.ʌ.l	t.ɹ.ɪ.p.ʌ.l.d
ʌ.n.d.ɚ.p.ɪ.n	ʌ.n.d.ɚ.p.ɪ.n.d
æ.g.ʌ.n.aɪ.z	æ.g.ʌ.n.aɪ.z.d
b.ɹ.æ.g	b.ɹ.æ.g.d
b.ʌ.t.ɹ.ʌ.s	b.ʌ.t.ɹ.ʌ.s.t
k.oʊ.ɚ.s	k.oʊ.ɚ.s.t
k.ʌ.n.dʒ.i.l	k.ʌ.n.dʒ.i.l.d
k.ɚ.oʊ.d	k.ɚ.oʊ.d.ɪ.d
k.aʊ.n.t.ʌ.n.ʌ.n.s	k.aʊ.n.t.ʌ.n.ʌ.n.s.t
d.i.f.ɔ.ɹ.m	d.ɪ.f.ɔ.ɹ.m.d
d.ɪ.ʃ	d.ɪ.ʃ.t
d.ɪ.s.ɔ.ɹ.d.ɚ	d.ɪ.s.ɔ.ɹ.d.ɚ.d
d.ɪ.s.oʊ.n	d.ɪ.s.oʊ.n.d
d.ɑ.k	d.ɑ.k.t
ɪ.m.p.eɪ.l	ɪ.m.p.eɪ.l.d
ɪ.n.ɔ.g.j.ʌ.ɹ.eɪ.t	ɪ.n.ɔ.g.j.ɚ.eɪ.t.ɪ.d
ɪ.n.f.j.u.z	ɪ.n.f.j.u.z.d
m.æ.s.ʌ.k.ɚ	m.æ.s.ʌ.k.ɚ.d
m.ɪ.s.dʒ.ʌ.dʒ	m.ɪ.s.dʒ.ʌ.dʒ.d
m.oʊ.t.ɚ.aɪ.z	m.oʊ.t.ɚ.aɪ.z.d
n.æ.tʃ.ɚ.ʌ.l.aɪ.z	n.æ.tʃ.ɚ.ʌ.l.aɪ.z.d
ɹ.ɪ.m.æ.n.d	ɹ.ɪ.m.æ.n.d.ɪ.d
ɹ.ɛ.m.ʌ.n.ɪ.s	ɹ.ɛ.m.ʌ.n.ɪ.s.t
ɹ.ɛ.n.ʌ.v.eɪ.t	ɹ.ɛ.n.ʌ.v.eɪ.t.ɪ.d
ɹ.i.p.eɪ.n.t	ɹ.i.p.eɪ.n.t.ʌ.d
s.m.ɑ.ɹ.t	s.m.ɑ.ɹ.t.ʌ.d
s.p.ɚ.t	s.p.ɚ.t.ɪ.d
t.u.l	t.u.l.d
ʌ.n.d.ɚ.ɹ.eɪ.t	ʌ.n.d.ɚ.ɹ.eɪ.t.ɪ.d
ʌ.n.w.aɪ.n.d	ʌ.n.w.aʊ.n.d
v.æ.ŋ.k.w.ɪ.ʃ	v.æ.ŋ.k.w.ɪ.ʃ.t
w.æ.k	w.æ.k.t
b.ɪ.ɹ.eɪ.t	b.ɪ.ɹ.eɪ.t.ɪ.d
k.æ.s.k.eɪ.d	k.æ.s.k.eɪ.d.ɪ.d
s.ɚ.k.ʌ.m.s.aɪ.z	s.ɚ.k.ʌ.m.s.aɪ.z.d
k.aʊ	k.aʊ.d
d.æ.l.i	d.æ.l.i.d
d.ɪ.h.j.u.m.ʌ.n.aɪ.z	d.ɪ.h.j.u.m.ʌ.n.aɪ.z.d
d.ɪ.m.ɚ	d.ɪ.m.ɚ.d
f.ɔ.ɹ.w.ɚ.d	f.ɔ.ɹ.w.ɚ.d.ɪ.d
h.ɚ.æ.ŋ	h.ɚ.æ.ŋ.d
h.i.l	h.i.l.d
n.ʌ.l.ʌ.f.aɪ	n.ʌ.l.ʌ.f.aɪ.d
p.ɛ.p.ɚ	p.ɛ.p.ɚ.d
p.ɹ.i.d.ɪ.t.ɚ.m.ʌ.n	p.ɹ.i.d.i.t.ɚ.m.ɪ.n.d
p.ɹ.ʌ.p.aʊ.n.d	p.ɹ.ʌ.p.aʊ.n.d.ʌ.d
ɹ.i.k.ɑ.n.s.t.ʌ.t.u.t	ɹ.i.k.ɑ.n.s.t.ʌ.t.u.t.ɪ.d
ɹ.i.s.t.eɪ.t	ɹ.i.s.t.eɪ.t.ɪ.d
s.k.ʌ.f.ʌ.l	s.k.ʌ.f.ʌ.l.d
s.n.ʌ.b	s.n.ʌ.b.d
s.t.æ.g.n.eɪ.t	s.t.æ.g.n.eɪ.t.ɪ.d
v.ɪ.n.d.ʌ.k.eɪ.t	v.ɪ.n.d.ʌ.k.eɪ.t.ɪ.d
b.ɹ.i.tʃ	b.ɹ.i.tʃ.t
k.ɛ.ɹ.ɪ.k.ʌ.tʃ.ɚ	k.ɛ.ɹ.ɪ.k.ʌ.tʃ.ɚ.d
d.ɛ.l.v	d.ɛ.l.v.d
ɪ.m.b.ɛ.l.ɪ.ʃ	ɛ.m.b.ɛ.l.ɪ.ʃ.t
ɛ.m.b.ɹ.ɔɪ.l	ɛ.m.b.ɹ.ɔɪ.l.d
ɪ.p.ɪ.t.ʌ.m.aɪ.z	ɪ.p.ɪ.t.ʌ.m.aɪ.z.d
ɛ.s.t.i.m	ɛ.s.t.i.m.d
f.ɛ.s.t.u.n	f.ɛ.s.t.u.n.d
f.ɚ.oʊ	f.ɚ.oʊ.d
g.l.oʊ.t	g.l.oʊ.t.ɪ.d
g.ʌ.m	g.ʌ.m.d
ɪ.n.d.ɪ.v.ɪ.dʒ.u.ʌ.l.aɪ.z	ɪ.n.d.ɪ.v.ɪ.dʒ.u.ʌ.l.aɪ.z.d
ɪ.n.t.ɚ.s.ɛ.k.t	ɪ.n.t.ɚ.s.ɛ.k.t.ɪ.d
dʒ.ɛ.t.ɪ.s.ʌ.n	dʒ.ɛ.t.ɪ.s.ʌ.n.d
l.ɔ.g	l.ɔ.g.d
l.ɑ.p	l.ɑ.p.t
m.i.æ.n.d.ɚ	m.i.æ.n.d.ɚ.d
m.ɛ.l.oʊ	m.ɛ.l.oʊ.d
m.ɪ.s.j.u.z	m.ɪ.s.j.u.z.d
m.ʌ.l.ɛ.s.t	m.ʌ.l.ɛ.s.t.ɪ.d
ʌ.k.eɪ.ʒ.ʌ.n	ɔ.k.eɪ.ʒ.ʌ.n.d
p.i.p.ʌ.l	p.i.p.ʌ.l.d
p.ɹ.aɪ.m	p.ɹ.aɪ.m.d
p.ʌ.ŋ.k.tʃ.ɚ	p.ʌ.ŋ.k.tʃ.ɚ.d
k.w.ɑ.d.ɹ.u.p.ʌ.l	k.w.ɑ.d.ɹ.u.p.ʌ.l.d
ɹ.i.ɪ.n.s.t.eɪ.t	ɹ.i.ɪ.n.s.t.eɪ.t.ɪ.d
ɹ.ɪ.t.ɑ.ɹ.d	ɹ.ɪ.t.ɑ.ɹ.d.ɪ.d
ʃ.aɪ.n	ʃ.aɪ.n.d
s.aɪ.d	s.aɪ.d.ʌ.d
t.ɹ.æ.n.s.f.ɪ.k.s	t.ɹ.æ.n.s.f.ɪ.k.s.t
v.eɪ.l	v.eɪ.l.d
w.ɪ.ŋ	w.ɪ.ŋ.d
ɹ.æ.ŋ.g.ʌ.l	ɹ.æ.ŋ.g.ʌ.l.d
ʌ.k.s.ɛ.n.t	æ.k.s.ɛ.n.t.ɪ.d
b.æ.k.f.aɪ.ɹ	b.æ.k.f.aɪ.ɚ.d
b.i.d	b.i.d.ɪ.d
b.ɛ.l.t	b.ɛ.l.t.ʌ.d
b.l.ɪ.s.t.ɚ	b.l.ɪ.s.t.ɚ.d
b.l.ɪ.t.s	b.l.ɪ.t.s.t
k.eɪ.n	k.eɪ.n.d
k.oʊ.ʌ.g.z.ɪ.s.t	k.oʊ.ʌ.g.z.ɪ.s.t.ʌ.d
ɛ.n.dʒ.ɔɪ.n	ɛ.n.dʒ.ɔɪ.n.d
f.ɔɪ.l	f.ɔɪ.l.d
ɪ.n.ʌ.v.eɪ.t	ɪ.n.ʌ.v.eɪ.t.ɪ.d
ɪ.n.ʌ.n.d.eɪ.t	ɪ.n.ʌ.n.d.eɪ.t.ɪ.d
l.eɪ.d.ʌ.l	l.eɪ.d.ʌ.l.d
l.eɪ.ɚ	l.eɪ.ɚ.d
l.ʌ.dʒ.ɪ.t.ʌ.m.aɪ.z	l.ɪ.dʒ.ɪ.t.ʌ.m.aɪ.z.d
l.u.b.ɹ.ɪ.k.eɪ.t	l.u.b.ɹ.ʌ.k.eɪ.t.ɪ.d
n.oʊ.z	n.oʊ.z.d
oʊ.v.ɚ.p.aʊ.ɚ	oʊ.v.ɚ.p.aʊ.ɚ.d
p.eɪ.n	p.eɪ.n.d
p.æ.n.d.ɚ	p.æ.n.d.ɚ.d
p.ɔ	p.ɔ.d
p.ɔ.n	p.ɔ.n.d
k.w.ɑ.n.t.ɪ.f.aɪ	k.w.ɑ.n.t.ɪ.f.aɪ.d
ɹ.ɛ.v	ɹ.ɛ.v.d
ɹ.ɪ.v.oʊ.k	ɹ.ɪ.v.oʊ.k.t
ɹ.ʌ.f	ɹ.ʌ.f.t
s.k.ɔ.l.d	s.k.ɔ.l.d.ɪ.d
s.aɪ.f.ʌ.n	s.aɪ.f.ʌ.n.d
s.k.w.ɑ.b.ʌ.l	s.k.w.ɑ.b.ʌ.l.d
s.ʌ.b.s.t.æ.n.tʃ.i.eɪ.t	s.ʌ.b.s.t.æ.n.ʃ.i.eɪ.t.ɪ.d
t.oʊ.t	t.oʊ.t.ɪ.d
b.u	b.u.d
b.ʌ.f.ʌ.t	b.ʌ.f.eɪ.d
s.ɛ.n.ʃ.ɚ	s.ɛ.n.ʃ.ɚ.d
k.l.ʌ.b	k.l.ʌ.b.d
f.ʌ.t.i.g	f.ʌ.t.i.g.d
f.l.eɪ.m	f.l.eɪ.m.d
f.l.eɪ	f.l.eɪ.d
f.ɔ.ɹ.w.ɔ.ɹ.n	f.ɔ.ɹ.w.ɔ.ɹ.n.d
f.ɹ.ɪ.s.k	f.ɹ.ɪ.s.k.t
h.ɛ.k.ʌ.l	h.ɛ.k.ʌ.l.d
aɪ.t.ʌ.m.aɪ.z	aɪ.t.ʌ.m.aɪ.z.d
m.ʌ.l.aɪ.n	m.ʌ.l.aɪ.n.d
m.ɚ.u.n	m.ɚ.u.n.d
m.ɑ.ɹ.t.ɚ	m.ɑ.ɹ.t.ɚ.d
m.ɛ.n.ʌ.s	m.ɛ.n.ʌ.s.t
m.ʌ.ʃ.ɹ.u.m	m.ʌ.ʃ.ɹ.ʊ.m.d
n.ɪ.k.n.eɪ.m	n.ɪ.k.n.eɪ.m.d
oʊ.v.ɚ.ɹ.u.l	oʊ.v.ɚ.ɹ.u.l.d
p.i.s	p.i.s.t
ɹ.ɪ.l.ɛ.n.t	ɹ.ɪ.l.ɛ.n.t.ɪ.d
s.t.ɪ.g.m.ʌ.t.aɪ.z	s.t.ɪ.g.m.ʌ.t.aɪ.z.d
s.ʌ.f.j.u.z	s.ʌ.f.j.u.z.d
s.w.u.n	s.w.u.n.d
t.i	t.i.d
t.ɹ.æ.n.s.k.ɹ.aɪ.b	t.ɹ.æ.n.s.k.ɹ.aɪ.b.d
t.ɹ.ʌ.m.p.ʌ.t	t.ɹ.ʌ.m.p.ʌ.t.ɪ.d
ʌ.n.d.ɚ.p.eɪ	ʌ.n.d.ɚ.p.eɪ.d
v.ɑ.ɹ.n.ɪ.ʃ	v.ɑ.ɹ.n.ɪ.ʃ.t
v.ɛ.n.t.ɪ.l.eɪ.t	v.ɛ.n.t.ɪ.l.eɪ.t.ɪ.d
w.eɪ.v	w.eɪ.v.d
æ.dʒ.ʌ.t.eɪ.t	æ.dʒ.ʌ.t.eɪ.t.ʌ.d
ɛ.ɹ	ɛ.ɹ.d
b.æ.dʒ.ɚ	b.æ.dʒ.ɚ.d
b.ɑ.ɹ.t.ɚ	b.ɑ.ɹ.t.ɚ.d
b.ɪ.l.i.g.ɚ	b.ɪ.l.i.g.ɚ.d
b.ʊ.l.d.oʊ.z	b.ʊ.l.d.oʊ.z.d
tʃ.eɪ.s.ʌ.n	tʃ.eɪ.s.ʌ.n.d
s.ɚ.k.ʌ.m.s.k.ɹ.aɪ.b	s.ɚ.k.ʌ.m.s.k.ɹ.aɪ.b.d
k.oʊ.s.t	k.oʊ.s.t.ɪ.d
k.ʌ.l.ɛ.k.t.ɪ.v.aɪ.z	k.ʌ.l.ɛ.k.t.ɪ.v.aɪ.z.d
k.ɑ.n.s.k.ɹ.ɪ.p.t	k.ʌ.n.s.k.ɹ.ɪ.p.t.ɪ.d
d.ɪ.l.ɪ.n.i.eɪ.t	d.ɪ.l.ɪ.n.i.eɪ.t.ɪ.d
d.ɪ.ɹ.aɪ.d	d.ɪ.ɹ.aɪ.d.ɪ.d
d.ɹ.ɔ.l	d.ɹ.ɔ.l.d
ɪ.m.eɪ.ʃ.i.eɪ.t	ɪ.m.eɪ.ʃ.i.eɪ.t.ɪ.d
ɪ.m.b.ɔ.s	ɪ.m.b.ɔ.s.t
ɪ.n.s.k.ɑ.n.s	ɪ.n.s.k.ɑ.n.s.t
f.ɹ.i.k	f.ɹ.i.k.t
ɪ.n.t.ɚ.n.ʌ.l.aɪ.z	ɪ.n.t.ɚ.n.ʌ.l.aɪ.z.d
l.ɑ.b	l.ɑ.b.d
m.ɪ.s.t.ɹ.ʌ.s.t	m.ɪ.s.t.ɹ.ʌ.s.t.ɪ.d
n.æ.v.ʌ.g.eɪ.t	n.æ.v.ʌ.g.eɪ.t.ɪ.d
oʊ.v.ɚ.s.t.eɪ.t	oʊ.v.ɚ.s.t.eɪ.t.ɪ.d
p.eɪ.p.ɚ	p.eɪ.p.ɚ.d
p.ɛ.d.ʌ.l	p.ɛ.d.ʌ.l.d
k.w.eɪ.v.ɚ	k.w.eɪ.v.ɚ.d
ɹ.i.p.ɹ.ɪ.n.t	ɹ.i.p.ɹ.ɪ.n.t.ɪ.d
ɹ.u.f	ɹ.u.f.t
s.k.ɹ.aʊ.n.dʒ	s.k.ɹ.aʊ.n.dʒ.d
s.i.d	s.i.d.ʌ.d
ʃ.ɛ.p.ɚ.d	ʃ.ɛ.p.ɚ.d.ɪ.d
s.n.aɪ.p	s.n.aɪ.p.t
ʌ.n.d.ɚ.ɹ.aɪ.t	ʌ.n.d.ɚ.ɹ.oʊ.t
d.ɪ.s.k.l.eɪ.m	d.ɪ.s.k.l.eɪ.m.d
d.ɪ.tʃ	d.ɪ.tʃ.t
d.ɑ.k.t.ɚ	d.ɑ.k.t.ɚ.d
d.ɹ.ɛ.dʒ	d.ɹ.ɛ.dʒ.d
ɪ.n.u.m.ɚ.eɪ.t	ɪ.n.u.m.ɚ.eɪ.t.ɪ.d
f.æ.b.ɹ.ʌ.k.eɪ.t	f.æ.b.ɹ.ɪ.k.eɪ.t.ʌ.d
f.l.aʊ.t	f.l.aʊ.t.ɪ.d
f.ɚ.ð.ɚ	f.ɚ.ð.ɚ.d
dʒ.ɚ.m.ʌ.n.eɪ.t	dʒ.ɚ.m.ʌ.n.eɪ.t.ɪ.d
g.l.ɔ.s	g.l.ɔ.s.t
h.ʌ.m.b.ʌ.l	h.ʌ.m.b.ʌ.l.d
ɪ.n.v.æ.l.ɪ.d.eɪ.t	ɪ.n.v.æ.l.ʌ.d.eɪ.t.ʌ.d
m.æ.n.ɪ.k.j.ɚ	m.æ.n.ɪ.k.j.ɚ.d
m.ɛ.ʃ	m.ɛ.ʃ.t
m.ʌ.l	m.ʌ.l.d
oʊ.v.ɚ.l.eɪ	oʊ.v.ɚ.l.eɪ.d
p.aɪ.n	p.aɪ.n.d
p.ɪ.v.ʌ.t	p.ɪ.v.ʌ.t.ʌ.d
ɹ.i.b.aʊ.n.d	ɹ.i.b.aʊ.n.d.ɪ.d
ɹ.i.l.æ.p.s	ɹ.i.l.æ.p.s.t
ɹ.aɪ.f.ʌ.l	ɹ.aɪ.f.ʌ.l.d
ɹ.ɪ.v.ʌ.t	ɹ.ɪ.v.ʌ.t.ɪ.d
s.p.eɪ	s.p.eɪ.d
s.t.ɪ.l	s.t.ɪ.l.d
s.ɪ.ŋ.k.ɹ.ʌ.n.aɪ.z	s.ɪ.ŋ.k.ɹ.ʌ.n.aɪ.z.d
t.ʌ.f.ʌ.n	t.ʌ.f.ʌ.n.d
t.ɹ.æ.n.s.p.oʊ.z	t.ɹ.æ.n.s.p.oʊ.z.d
ʌ.n.m.æ.s.k	ʌ.n.m.æ.s.k.t
w.ɪ.ɹ.i	w.ɪ.ɹ.i.d
ɹ.i.k	ɹ.i.k.t
æ.b.s.t.ɹ.æ.k.t	æ.b.s.t.ɹ.æ.k.t.ɪ.d
ʌ.k.ʌ.s.t.ʌ.m	ʌ.k.ʌ.s.t.ʌ.m.d
b.æ.n.d.i	b.æ.n.d.i.d
b.ɪ.g.aɪ.l	b.ɪ.g.aɪ.l.d
b.ɪ.k.ɚ	b.ɪ.k.ɚ.d
b.oʊ.t	b.oʊ.t.ɪ.d
b.ɑ.tʃ	b.ɑ.tʃ.t
k.l.ɑ.k	k.l.ɑ.k.t
k.oʊ.ɑ.p.t	k.oʊ.ɑ.p.t.ʌ.d
k.ɑ.m.ʌ.n.d.ɪ.ɹ	k.ɑ.m.ʌ.n.d.ɪ.ɹ.d
k.ɹ.oʊ.ʃ.eɪ	k.ɹ.oʊ.ʃ.eɪ.d
d.eɪ.n	d.eɪ.n.d
d.ɪ.m.oʊ.t	d.ɪ.m.oʊ.t.ɪ.d
d.ɛ.z.ʌ.k.ɹ.eɪ.t	d.ɛ.z.ʌ.k.ɹ.eɪ.t.ɪ.d
d.ɪ.s.l.oʊ.k.eɪ.t	d.ɪ.s.l.oʊ.k.eɪ.t.ɪ.d
d.ɪ.s.ɔ.ɹ.i.ɛ.n.t	d.ɪ.s.ɔ.ɹ.i.ɛ.n.t.ɪ.d
ɛ.n.θ.ɹ.ɔ.l	ɛ.n.θ.ɹ.ɔ.l.d
ɛ.n.v.ɪ.ʒ.ʌ.n	ɛ.n.v.ɪ.ʒ.ʌ.n.d
ɪ.g.z.ɑ.n.ɚ.eɪ.t	ɪ.g.z.ɑ.n.ɚ.eɪ.t.ɪ.d
f.ɔ.ɹ.ʃ.æ.d.oʊ	f.ɔ.ɹ.ʃ.æ.d.oʊ.d
ɪ.n.t.ɚ.m.ɪ.ŋ.g.ʌ.l	ɪ.n.t.ɚ.m.ɪ.ŋ.g.ʌ.l.d
aʊ.t.f.l.æ.ŋ.k	aʊ.t.f.l.æ.ŋ.k.t
oʊ.v.ɚ.ɹ.eɪ.t	oʊ.v.ɚ.ɹ.eɪ.t.ɪ.d
p.ɹ.i.ɑ.k.j.ʌ.p.aɪ	p.ɹ.i.ɑ.k.j.ʌ.p.aɪ.d
p.ɹ.ɛ.ʃ.ɚ.aɪ.z	p.ɹ.ɛ.ʃ.ɚ.aɪ.z.d
ɹ.ɪ.k.u.p	ɹ.ɪ.k.u.p.t
ɹ.ɪ.m	ɹ.ɪ.m.d
s.k.i.m	s.k.i.m.d
s.k.u.l	s.k.u.l.d
s.k.aɪ	s.k.i.d
s.k.w.ɛ.l.tʃ	s.k.w.ɛ.l.tʃ.t
s.t.æ.ʃ	s.t.æ.ʃ.t
t.oʊ.n	t.oʊ.n.d
t.ɔ.ɹ.p.i.d.oʊ	t.ɔ.ɹ.p.i.d.oʊ.d
ʌ.n.d.ɚ.v.æ.l.j.u	ʌ.n.d.ɚ.v.æ.l.j.u.d
ʌ.n.f.ɚ.l	ʌ.n.f.ɚ.l.d
v.ɛ.s.t	v.ɛ.s.t.ɪ.d
tʃ.ɑ.k	tʃ.ɔ.k.t
k.ɹ.ɑ.n.ɪ.k.ʌ.l	k.ɹ.ɑ.n.ɪ.k.ʌ.l.d
d.i.k.æ.p.ʌ.t.eɪ.t	d.i.k.æ.p.ʌ.t.eɪ.t.ɪ.d
d.ɛ.s.ʌ.m.eɪ.t	d.ɛ.s.ʌ.m.eɪ.t.ɪ.d
ɛ.s.t.ɹ.eɪ.n.dʒ	ɛ.s.t.ɹ.eɪ.n.dʒ.d
ɪ.g.z.ɔ.l.t	ɪ.g.z.ɔ.l.t.ɪ.d
g.ɑ.ɹ.b.ʌ.l	g.ɑ.ɹ.b.ʌ.l.d
ɪ.m.p.ɚ.s.ʌ.n.eɪ.t	ɪ.m.p.ɚ.s.ʌ.n.eɪ.t.ɪ.d
ɪ.m.p.aʊ.n.d	ɪ.m.p.aʊ.n.d.ɪ.d
ɪ.n.f.ɹ.ɪ.n.dʒ	ɪ.n.f.ɹ.ɪ.n.dʒ.d
m.ɔ.ɹ.t.ɪ.f.aɪ	m.ɔ.ɹ.t.ʌ.f.aɪ.d
ɔ.s.t.ɹ.ʌ.s.aɪ.z	ɔ.s.t.ɹ.ʌ.s.aɪ.z.d
k.w.ɔ.ʃ	k.w.ɔ.ʃ.t
ɹ.i.k.ɪ.n.d.ʌ.l	ɹ.i.k.ɪ.n.d.ʌ.l.d
ɹ.i.p.ʌ.l.s	ɹ.i.p.ʌ.l.s.t
s.l.ɑ.g	s.l.ɑ.g.d
s.p.ɪ.ɹ.h.ɛ.d	s.p.ɪ.ɹ.h.ɛ.d.ɪ.d
s.p.ɹ.eɪ.n	s.p.ɹ.eɪ.n.d
s.t.ɑ.k.p.aɪ.l	s.t.ɑ.k.p.aɪ.l.d
ʌ.t.ɛ.n.j.u.eɪ.t	ʌ.t.ɛ.n.j.u.eɪ.t.ɪ.d
b.l.aɪ.n.d.f.oʊ.l.d	b.l.aɪ.n.d.f.oʊ.l.d.ɪ.d
b.ɹ.aɪ.d.ʌ.l	b.ɹ.aɪ.d.ʌ.l.d
b.ɚ.n.ɪ.ʃ	b.ɚ.n.ɪ.ʃ.t
b.ʌ.s	b.ʌ.s.t
d.ɪ.p.oʊ.z	d.ɪ.p.oʊ.z.d
d.ɪ.s.ɛ.n.t	d.ɪ.s.ɛ.n.t.ɪ.d
ɛ.m.b.ɑ.m	ɛ.m.b.ɑ.m.d
ɪ.k.s.t.ɹ.u.d	ɪ.k.s.t.ɹ.u.d.ʌ.d
f.ɛ.ɹ.ʌ.t	f.ɛ.ɹ.ʌ.t.ʌ.d
f.aɪ.n.ʌ.l.aɪ.z	f.aɪ.n.ʌ.l.aɪ.z.d
f.ɹ.ɛ.ʃ.ʌ.n	f.ɹ.ɛ.ʃ.ʌ.n.d
aɪ.d.ʌ.l.aɪ.z	aɪ.d.ʌ.l.aɪ.z.d
ɚ.k	ɚ.k.t
m.ɔ.l.t	m.ɔ.l.t.ʌ.d
m.ʌ.g	m.ʌ.g.d
n.æ.p	n.æ.p.t
aʊ.t.ɹ.ʌ.n	aʊ.t.ɹ.æ.n
p.æ.l.p.ʌ.t.eɪ.t	p.æ.l.p.ʌ.t.eɪ.t.ʌ.d
p.æ.t.ʌ.n.t	p.æ.t.ʌ.n.t.ʌ.d
p.i.k	p.i.k.t
p.ɚ.k.ʌ.l.eɪ.t	p.ɚ.k.ʌ.l.eɪ.t.ʌ.d
p.ɹ.i.d.ɪ.s.p.oʊ.z	p.ɹ.i.d.ɪ.s.p.oʊ.z.d
p.ʌ.l.v.ɚ.aɪ.z	p.ʌ.l.v.ɚ.aɪ.z.d
ɹ.ɪ.f.ɹ.ɪ.dʒ.ɚ.eɪ.t	ɹ.ɪ.f.ɹ.ɪ.dʒ.ɚ.eɪ.t.ɪ.d
ɹ.ɛ.z.ʌ.n.eɪ.t	ɹ.ɛ.z.ʌ.n.eɪ.t.ɪ.d
ɹ.aɪ.t	ɹ.aɪ.t.ɪ.d
s.k.ʌ.l.p.t	s.k.ʌ.l.p.t.ɪ.d
ʃ.u	ʃ.u.d
ʃ.ɔ.ɹ	ʃ.ɔ.ɹ.d
s.p.æ.ŋ.g.ʌ.l	s.p.æ.ŋ.g.ʌ.l.d
ʌ.p.s.t.eɪ.dʒ	ʌ.p.s.t.eɪ.dʒ.d
w.ɛ.t	w.ɛ.t.ɪ.d
ɹ.ɔ.ŋ	ɹ.ɔ.ŋ.d
æ.n.t.æ.g.ʌ.n.aɪ.z	æ.n.t.æ.g.ʌ.n.aɪ.z.d
b.ɹ.ɑ.n.z	b.ɹ.ɑ.n.z.d
k.l.ɔɪ.s.t.ɚ	k.l.ɔɪ.s.t.ɚ.d
k.ɑ.n.s.ʌ.m.ʌ.t	k.ɑ.n.s.ʌ.m.eɪ.t.ʌ.d
d.i.k.ʌ.m.p.oʊ.z	d.i.k.ʌ.m.p.oʊ.z.d
d.ɪ.m.p.ʌ.l	d.ɪ.m.p.ʌ.l.d
d.ɪ.s.eɪ.b.ʌ.l	d.ɪ.s.eɪ.b.ʌ.l.d
d.ɪ.s.g.ɔ.ɹ.dʒ	d.ɪ.s.g.ɔ.ɹ.dʒ.d
ɪ.l.u.s.ʌ.d.eɪ.t	ɪ.l.u.s.ʌ.d.eɪ.t.ʌ.d
ɛ.m.b.oʊ.l.d.ʌ.n	ɛ.m.b.oʊ.l.d.ʌ.n.d
f.ɪ.k.s.eɪ.t	f.ɪ.k.s.eɪ.t.ɪ.d
h.æ.n.d.k.ʌ.f	h.æ.n.d.k.ʌ.f.t
h.oʊ.m.ɑ.dʒ.ʌ.n.aɪ.z	h.oʊ.m.ɑ.dʒ.ʌ.n.aɪ.z.d
ɪ.m.b.aɪ.b	ɪ.m.b.aɪ.b.d
ɪ.n.t.ɚ.s.i.d	ɪ.n.t.ɚ.s.i.d.ɪ.d
l.æ.k.ɚ	l.æ.k.ɚ.d
m.ɪ.s.k.ʌ.n.s.i.v	m.ɪ.s.k.ʌ.n.s.i.v.d
ʌ.f.ɪ.ʃ.i.eɪ.t	ʌ.f.ɪ.ʃ.i.eɪ.t.ʌ.d
ɔ.ɹ.n.ʌ.m.ʌ.n.t	ɔ.ɹ.n.ʌ.m.ɛ.n.t.ɪ.d
ɔ.ɹ.f.ʌ.n	ɔ.ɹ.f.ʌ.n.d
p.ɛ.ɹ.i	p.ɛ.ɹ.i.d
p.ɑ.ɹ.t.ɪ.ʃ.ʌ.n	p.ɑ.ɹ.t.ɪ.ʃ.ʌ.n.d
p.l.eɪ.n	p.l.eɪ.n.d
p.ɹ.i.ɚ.eɪ.n.dʒ	p.ɹ.i.ɚ.eɪ.n.dʒ.d
p.ɚ.l.ɔɪ.n	p.ɚ.l.ɔɪ.n.d
ɹ.æ.s.p	ɹ.æ.s.p.t
ɹ.i.l.oʊ.d	ɹ.i.l.oʊ.d.ɪ.d
ɹ.ɪ.s.ɪ.n.d	ɹ.ɪ.s.ɪ.n.d.ɪ.d
ɹ.i.s.ɛ.t.ʌ.l	ɹ.i.s.ɛ.t.ʌ.l.d
ɹ.i.t.eɪ.l	ɹ.i.t.eɪ.l.d
ɹ.ʌ.t	ɹ.ʌ.t.ɪ.d
s.k.ʌ.l.p.tʃ.ɚ	s.k.ʌ.l.p.tʃ.ɚ.d
ʃ.u	ʃ.ɑ.d
s.aɪ.d.t.ɹ.æ.k	s.aɪ.d.t.ɹ.æ.k.t
s.p.ɑ.ɹ	s.p.ɑ.ɹ.d
s.t.ɹ.i.m.l.aɪ.n	s.t.ɹ.i.m.l.aɪ.n.d
t.ɑ.ɹ	t.ɑ.ɹ.d
t.w.i.k	t.w.i.k.t
ʌ.n.d.ɚ.s.k.ɔ.ɹ	ʌ.n.d.ɚ.s.k.ɔ.ɹ.d
ɚ.b.ʌ.n.aɪ.z	ɚ.b.ʌ.n.aɪ.z.d
v.æ.k.j.u.m	v.æ.k.j.u.m.d
æ.b.d.ʌ.k.t	æ.b.d.ʌ.k.t.ɪ.d
k.oʊ.d.ʌ.f.aɪ	k.ɑ.d.ʌ.f.aɪ.d
d.æ.m	d.æ.m.d
d.ɪ.g.n.ʌ.f.aɪ	d.ɪ.g.n.ʌ.f.aɪ.d
d.oʊ.p	d.oʊ.p.t
ɪ.n.θ.u.z	ɪ.n.θ.u.z.d
ɪ.v.ɪ.n.s	ɪ.v.ɪ.n.s.t
g.ɔ.ɹ	g.ɔ.ɹ.d
g.ɹ.eɪ.s	g.ɹ.eɪ.s.t
h.ɑ.ɹ.m.ʌ.n.aɪ.z	h.ɑ.ɹ.m.ʌ.n.aɪ.z.d
ɪ.ŋ.k.ʌ.l.k.eɪ.t	ɪ.ŋ.k.ʌ.l.k.eɪ.t.ʌ.d
m.ɪ.s.d.ɪ.ɹ.ɛ.k.t	m.ɪ.s.d.ɪ.ɹ.ɛ.k.t.ɪ.d
aʊ.t	aʊ.t.ʌ.d
oʊ.v.ɚ.ɪ.k.s.p.oʊ.z	oʊ.v.ɚ.ɪ.k.s.p.oʊ.z.d
oʊ.v.ɚ.ʃ.u.t	oʊ.v.ɚ.ʃ.ɑ.t
p.eɪ.l	p.eɪ.l.d
p.ʌ.l.ɪ.t.ɪ.s.aɪ.z	p.ʌ.l.ɪ.t.ɪ.s.aɪ.z.d
ɹ.æ.m.p.eɪ.dʒ	ɹ.æ.m.p.eɪ.dʒ.d
ɹ.ɪ.b.ʌ.f	ɹ.ɪ.b.ʌ.f.t
ɹ.ɪ.k.u.p.ɚ.eɪ.t	ɹ.ɪ.k.u.p.ɚ.eɪ.t.ʌ.d
ɹ.eɪ.n	ɹ.eɪ.n.d
ɹ.i.v.aɪ.l	ɹ.i.v.aɪ.l.d
ɹ.aɪ.m	ɹ.aɪ.m.d
s.æ.v.ʌ.dʒ	s.æ.v.ɪ.dʒ.d
ʃ.ʌ.t.ʌ.l	ʃ.ʌ.t.ʌ.l.d
s.aɪ.d.s.t.ɛ.p	s.aɪ.d.s.t.ɛ.p.t
s.n.ɛ.ɹ	s.n.ɛ.ɹ.d
s.ʌ.b.dʒ.ʌ.g.eɪ.t	s.ʌ.b.dʒ.ʌ.g.eɪ.t.ɪ.d
t.ɛ.l.ʌ.g.ɹ.æ.f	t.ɛ.l.ʌ.g.ɹ.æ.f.t
ʌ.n.d.ɚ.s.t.eɪ.t	ʌ.n.d.ɚ.s.t.eɪ.t.ɪ.d
ʌ.m.i.l.j.ɚ.eɪ.t	ʌ.m.i.l.i.ɚ.eɪ.t.ɪ.d
æ.t.ɹ.ʌ.f.i	æ.t.ɹ.ʌ.f.i.d
ɑ.d.ɪ.ʃ.ʌ.n	ɔ.d.ɪ.ʃ.ʌ.n.d
b.ʌ.l.u.n	b.ʌ.l.u.n.d
b.ɪ.h.ɛ.d	b.ɪ.h.ɛ.d.ɪ.d
b.l.ʌ.d	b.l.ʌ.d.ɪ.d
k.æ.p.s.aɪ.z	k.æ.p.s.aɪ.z.d
k.ɚ.i.n	k.ɚ.i.n.d
k.ɑ.d.ʌ.l	k.ɑ.d.ʌ.l.d
k.ɹ.ɪ.m.p	k.ɹ.ɪ.m.p.t
d.ɪ.f.eɪ.s	d.ɪ.f.eɪ.s.t
ɛ.n.k.ʌ.m.b.ɚ	ɛ.n.k.ʌ.m.b.ɚ.d
ɪ.n.oʊ.b.ʌ.l	ɪ.n.oʊ.b.ʌ.l.d
ɪ.n.ʌ.n.s.i.eɪ.t	ɪ.n.ʌ.n.s.i.eɪ.t.ɪ.d
f.ʌ.m.ɪ.l.j.ɚ.aɪ.z	f.ʌ.m.ɪ.l.j.ɚ.aɪ.z.d
f.l.ʌ.f	f.l.ʌ.f.t
h.ʌ.l.u.s.ʌ.n.eɪ.t	h.ʌ.l.u.s.ʌ.n.eɪ.t.ɪ.d
m.æ.n.h.æ.n.d.ʌ.l	m.æ.n.h.æ.n.d.ʌ.l.d
ɑ.b.v.i.eɪ.t	ɑ.b.v.i.eɪ.t.ʌ.d
aʊ.t.l.æ.s.t	aʊ.t.l.æ.s.t.ɪ.d
p.ɛ.ɹ.ʌ.d.i	p.ɛ.ɹ.ʌ.d.i.d
p.ɪ.l.ɪ.dʒ	p.ɪ.l.ɪ.dʒ.d
k.w.aɪ.ʌ.t	k.w.aɪ.ʌ.t.ʌ.d
ɹ.æ.ŋ.k.ʌ.l	ɹ.æ.ŋ.k.ʌ.l.d
ɹ.i.ʌ.dʒ.ʌ.s.t	ɹ.i.ʌ.dʒ.ʌ.s.t.ɪ.d
ɹ.i.tʃ.ɑ.ɹ.dʒ	ɹ.i.tʃ.ɑ.ɹ.dʒ.d
ɹ.i.ɪ.m.b.ɚ.s	ɹ.i.ɪ.m.b.ɚ.s.t
ɹ.ɪ.dʒ	ɹ.ɪ.dʒ.d
ɹ.oʊ.m.æ.n.t.ʌ.s.aɪ.z	ɹ.oʊ.m.æ.n.t.ʌ.s.aɪ.z.d
s.k.aʊ.t	s.k.aʊ.t.ʌ.d
ʃ.ɚ.k	ʃ.ɚ.k.t
s.ɪ.n.dʒ	s.ɪ.n.dʒ.d
s.p.ʌ.t.ɚ	s.p.ʌ.t.ɚ.d
s.t.æ.m.p.i.d	s.t.æ.m.p.i.d.ʌ.d
t.æ.l.i	t.æ.l.i.d
t.ɪ.t.ʌ.l.eɪ.t	t.ɪ.t.ʌ.l.eɪ.t.ɪ.d
t.ɹ.æ.n.z.g.ɹ.ɛ.s	t.ɹ.æ.n.z.g.ɹ.ɛ.s.t
ɚ.eɪ	ɚ.eɪ.d
b.æ.ɹ.ʌ.k.eɪ.d	b.æ.ɹ.ʌ.k.eɪ.d.ɪ.d
s.ɚ.k.ʌ.m.v.ɛ.n.t	s.ɚ.k.ʌ.m.v.ɛ.n.t.ɪ.d
k.ɑ.p	k.ɑ.p.t
k.ɔ.ɹ.d	k.ɔ.ɹ.d.ʌ.d
d.ɪ.k.l.eɪ.m	d.ɪ.k.l.eɪ.m.d
d.ɪ.n.u.d	d.ɪ.n.u.d.ɪ.d
d.aɪ.g.ɹ.ɛ.s	d.aɪ.g.ɹ.ɛ.s.t
d.ɪ.s.d.eɪ.n	d.ɪ.s.d.eɪ.n.d
d.aʊ.n.g.ɹ.eɪ.d	d.aʊ.n.g.ɹ.eɪ.d.ʌ.d
ɛ.k.s.p.ɹ.oʊ.p.ɹ.i.eɪ.t	ɛ.k.s.p.ɹ.oʊ.p.ɹ.i.eɪ.t.ɪ.d
ɛ.k.s.t.ɹ.æ.p.ʌ.l.eɪ.t	ɛ.k.s.t.ɹ.æ.p.ʌ.l.eɪ.t.ɪ.d
ɪ.g.z.ʌ.l.t	ɪ.g.z.ʌ.l.t.ɪ.d
f.ɑ.ð.ɚ	f.ɑ.ð.ɚ.d
f.l.ʌ.ŋ.k	f.l.ʌ.ŋ.k.t
f.ʌ.dʒ	f.ʌ.dʒ.d
g.ɑ.ɹ.n.ɚ	g.ɑ.ɹ.n.ɚ.d
h.ɛ.d.l.aɪ.n	h.ɛ.d.l.aɪ.n.d
h.aɪ.dʒ.æ.k	h.aɪ.dʒ.æ.k.t
ɪ.n.ɑ.k.j.ʌ.l.eɪ.t	ɪ.n.ɑ.k.j.ʌ.l.eɪ.t.ɪ.d
m.ʌ.d.i	m.ʌ.d.i.d
oʊ.v.ɚ.tʃ.ɑ.ɹ.dʒ	oʊ.v.ɚ.tʃ.ɑ.ɹ.dʒ.d
p.aɪ.l.ʌ.t	p.aɪ.l.ʌ.t.ɪ.d
p.ɹ.ɛ.f.ʌ.s	p.ɹ.ɛ.f.ʌ.s.t
p.ɹ.ɛ.s.ɪ.dʒ	p.ɹ.ɛ.s.ɪ.dʒ.d
ʃ.i.ð	ʃ.i.ð.d
s.w.ɑ.t	s.w.ɑ.t.ɪ.d
t.w.aɪ.n	t.w.aɪ.n.d
w.ɪ.n.oʊ	w.ɪ.n.oʊ.d
z.æ.p	z.æ.p.t
z.ɪ.g.z.æ.g	z.ɪ.g.z.æ.g.d
ʌ.t.aɪ.ɚ	ʌ.t.aɪ.ɹ.d
ɔ.d.ɪ.t	ɔ.d.ɪ.t.ɪ.d
ɔ.θ.ɛ.n.t.ʌ.k.eɪ.t	ɔ.θ.ɛ.n.t.ʌ.k.eɪ.t.ʌ.d
b.i.tʃ	b.i.tʃ.t
b.ɑ.g.ʌ.l	b.ɑ.g.ʌ.l.d
b.ɑ.k.s	b.ɑ.k.s.t
b.ʌ.m	b.ʌ.m.d
k.æ.p.t.ɪ.v.eɪ.t	k.æ.p.t.ɪ.v.eɪ.t.ɪ.d
k.æ.s.t.ʌ.g.eɪ.t	k.æ.s.t.ʌ.g.eɪ.t.ɪ.d
s.i.d	s.i.d.ʌ.d
tʃ.i.p.ʌ.n	tʃ.i.p.ʌ.n.d
k.l.oʊ.k	k.l.oʊ.k.t
k.l.ɑ.z.ʌ.t	k.l.ɑ.z.ʌ.t.ɪ.d
d.ɪ.m.ɑ.k.ɹ.ʌ.t.aɪ.z	d.ɪ.m.ɑ.k.ɹ.ʌ.t.aɪ.z.d
d.ɛ.p.ɹ.ʌ.k.eɪ.t	d.ɛ.p.ɹ.ʌ.k.eɪ.t.ʌ.d
d.ɛ.s.ʌ.k.eɪ.t	d.ɛ.s.ʌ.k.eɪ.t.ʌ.d
d.aɪ.s	d.aɪ.s.t
d.ʌ.m.f.aʊ.n.d	d.ʌ.m.f.aʊ.n.d.ɪ.d
ɛ.n.k.oʊ.d	ɛ.n.k.oʊ.d.ɪ.d
ɛ.k.s.aɪ.s	ɛ.k.s.aɪ.z.d
f.ɛ.t.ɚ	f.ɛ.t.ɚ.d
h.ʊ.d.w.ɪ.ŋ.k	h.ʊ.d.w.ɪ.ŋ.k.t
ɪ.m.ɔ.ɹ.t.ʌ.l.aɪ.z	ɪ.m.ɔ.ɹ.t.ʌ.l.aɪ.z.d
ɪ.n.k.ɑ.ɹ.s.ɚ.eɪ.t	ɪ.n.k.ɑ.ɹ.s.ɚ.eɪ.t.ɪ.d
k.i	k.i.d
n.aɪ.t	n.aɪ.t.ɪ.d
l.ɔ.d	l.ɔ.d.ɪ.d
ɑ.s.ʌ.f.aɪ	ɑ.s.ʌ.f.aɪ.d
oʊ.v.ɚ.p.eɪ	oʊ.v.ɚ.p.eɪ.d
oʊ.v.ɚ.s.t.ɛ.p	oʊ.v.ɚ.s.t.ɛ.p.t
p.l.ʌ.m	p.l.ʌ.m.d
p.ɹ.oʊ.m.ʌ.l.g.eɪ.t	p.ɹ.ɑ.m.ʌ.l.g.eɪ.t.ʌ.d
ɹ.eɪ.d.i.oʊ	ɹ.eɪ.d.i.oʊ.d
ɹ.ɛ.dʒ.ʌ.m.ʌ.n.t	ɹ.ɛ.dʒ.ʌ.m.ɛ.n.t.ɪ.d
ɹ.oʊ.b	ɹ.oʊ.b.d
s.n.ɪ.k.ɚ	s.n.ɪ.k.ɚ.d
s.p.u.k	s.p.u.k.t
s.t.ɹ.æ.t.ʌ.f.aɪ	s.t.ɹ.æ.t.ʌ.f.aɪ.d
s.ʌ.b	s.ʌ.b.d
t.ɹ.æ.n.z.æ.k.t	t.ɹ.æ.n.s.æ.k.t.ɪ.d
ʌ.n.b.æ.l.ʌ.n.s	ʌ.n.b.æ.l.ʌ.n.s.t
v.eɪ.k.eɪ.ʃ.ʌ.n	v.eɪ.k.eɪ.ʃ.ʌ.n.d
ʌ.b.æ.ʃ	ʌ.b.æ.ʃ.t
ʌ.b.ɹ.ɪ.dʒ	ʌ.b.ɹ.ɪ.dʒ.d
ʌ.dʒ.ʌ.dʒ	ʌ.dʒ.ʌ.dʒ.d
æ.n.ʌ.t.eɪ.t	æ.n.ʌ.t.eɪ.t.ɪ.d
ʌ.p.ɹ.ɛ.n.t.ʌ.s	ʌ.p.ɹ.ɛ.n.t.ʌ.s.t
b.æ.ŋ.k.ɹ.ʌ.p.t	b.æ.ŋ.k.ɹ.ʌ.p.t.ɪ.d
b.ɪ.m.oʊ.n	b.ɪ.m.oʊ.n.d
b.ɹ.ɔɪ.l	b.ɹ.ɔɪ.l.d
b.ɚ.b.ʌ.l	b.ɚ.b.ʌ.l.d
tʃ.æ.s.t.aɪ.z	tʃ.æ.s.t.aɪ.z.d
k.l.aɪ.m.æ.k.s	k.l.aɪ.m.æ.k.s.t
k.ʌ.m.ɚ.ʃ.ʌ.l.aɪ.z	k.ʌ.m.ɚ.ʃ.ʌ.l.aɪ.z.d
k.ɹ.i.m.eɪ.t	k.ɹ.i.m.eɪ.t.ɪ.d
d.ɪ.f.ɔ.l.t	d.ɪ.f.ɔ.l.t.ɪ.d
d.ɪ.s.b.ɚ.s	d.ɪ.s.b.ɚ.s.t
d.ɪ.s.t.ʌ.n.s	d.ɪ.s.t.ʌ.n.s.t
ɛ.g.z.ɪ.t	ɛ.g.z.ʌ.t.ɪ.d
f.l.æ.b.ɚ.g.æ.s.t	f.l.æ.b.ɚ.g.æ.s.t.ɪ.d
f.l.ɔ.ɹ	f.l.ɔ.ɹ.d
h.æ.m.s.t.ɹ.ɪ.ŋ	h.æ.m.s.t.ɹ.ʌ.ŋ
h.ɑ.ɹ.t.ʌ.n	h.ɑ.ɹ.t.ʌ.n.d
h.ɪ.tʃ.h.aɪ.k	h.ɪ.tʃ.h.aɪ.k.t
h.oʊ.n	h.oʊ.n.d
ɪ.n.d.ɛ.k.s	ɪ.n.d.ɛ.k.s.t
m.ɪ.s.b.ʌ.h.eɪ.v	m.ɪ.s.b.ʌ.h.eɪ.v.d
n.ɑ.tʃ	n.ɑ.tʃ.t
ɑ.b.l.ʌ.g.eɪ.t	ɑ.b.l.ʌ.g.eɪ.t.ɪ.d
p.ɚ.f.ɚ.eɪ.t	p.ɚ.f.ɚ.eɪ.t.ʌ.d
p.ɪ.ŋ	p.ɪ.ŋ.d
p.ɑ.t	p.ɑ.t.ɪ.d
p.ɹ.ʌ.p.ɔ.ɹ.ʃ.ʌ.n	p.ɹ.ʌ.p.ɔ.ɹ.ʃ.ʌ.n.d
p.ɹ.ɑ.s.ʌ.l.ʌ.t.aɪ.z	p.ɹ.ɑ.s.ʌ.l.ʌ.t.aɪ.z.d
k.w.ɪ.p	k.w.ɪ.p.t
ɹ.i.l.oʊ.k.eɪ.t	ɹ.i.l.oʊ.k.eɪ.t.ɪ.d
ɹ.i.j.u.s	ɹ.i.u.z.d
ɹ.i.v.æ.l.j.u	ɹ.i.v.æ.l.j.u.d
ɹ.u.m.ɪ.n.eɪ.t	ɹ.u.m.ɪ.n.eɪ.t.ɪ.d
s.eɪ.t	s.eɪ.t.ɪ.d
s.ɛ.k.ʌ.n.d	s.ɛ.k.ʌ.n.d.ɪ.d
s.ɛ.n.s.ʌ.t.aɪ.z	s.ɛ.n.s.ʌ.t.aɪ.z.d
s.l.ɪ.m	s.l.ɪ.m.d
s.n.æ.g	s.n.æ.g.d
s.n.oʊ.b.ɔ.l	s.n.oʊ.b.ɔ.l.d
s.p.ɪ.ɹ.ʌ.t	s.p.ɪ.ɹ.ɪ.t.ʌ.d
s.ʌ.l.i	s.ʌ.l.i.d
s.w.ɪ.n.d.ʌ.l	s.w.ɪ.n.d.ʌ.l.d
t.ɛ.n.d.ɚ	t.ɛ.n.d.ɚ.d
t.ɹ.aʊ.n.s	t.ɹ.aʊ.n.s.t
t.ɹ.ʌ.ŋ.k.eɪ.t	t.ɹ.ʌ.ŋ.k.eɪ.t.ɪ.d
j.u.n.j.ʌ.n.aɪ.z	j.u.n.j.ʌ.n.aɪ.z.d
w.æ.ŋ.g.ʌ.l	w.æ.ŋ.g.ʌ.l.d
w.ɪ.n.t.ɚ	w.ɪ.n.t.ɚ.d
æ.d.ʌ.l	æ.d.ʌ.l.d
ʌ.p.ɛ.n.d	ʌ.p.ɛ.n.d.ɪ.d
ʌ.p.ɹ.aɪ.z	ʌ.p.ɹ.aɪ.z.d
b.ɪ.f.ʌ.d.ʌ.l	b.ɪ.f.ʌ.d.ʌ.l.d
b.l.ɑ.k.eɪ.d	b.l.ɑ.k.eɪ.d.ɪ.d
b.l.ʌ.dʒ.ʌ.n	b.l.ʌ.dʒ.ʌ.n.d
b.ɹ.u.t.ʌ.l.aɪ.z	b.ɹ.u.t.ʌ.l.aɪ.z.d
tʃ.i.k	tʃ.i.k.t
k.ɹ.ʊ.k	k.ɹ.ʊ.k.ʌ.d
d.ɔ.b	d.ɔ.b.d
d.ɪ.p.ɹ.i.ʃ.i.eɪ.t	d.ɪ.p.ɹ.i.ʃ.i.eɪ.t.ɪ.d
d.ɪ.s.ʌ.s.oʊ.ʃ.i.eɪ.t	d.ɪ.s.ʌ.s.oʊ.ʃ.i.eɪ.t.ʌ.d
d.ɪ.s.p.ʌ.z.ɛ.s	d.ɪ.s.p.ʌ.z.ɛ.s.t
d.ʌ.ŋ.k	d.ʌ.ŋ.k.t
ɛ.l.b.oʊ	ɛ.l.b.oʊ.d
ɪ.l.ɛ.k.t.ɹ.ʌ.k.j.u.t	ɪ.l.ɛ.k.t.ɹ.ʌ.k.j.u.t.ɪ.d
ɛ.n.t.ɹ.ɛ.n.tʃ	ɛ.n.t.ɹ.ɛ.n.tʃ.t
ɛ.k.s.h.j.u.m	ɛ.k.s.h.j.u.m.d
f.ɪ.l.tʃ	f.ɪ.l.tʃ.t
f.ɪ.ŋ.g.ɚ.p.ɹ.ɪ.n.t	f.ɪ.ŋ.g.ɚ.p.ɹ.ɪ.n.t.ɪ.d
g.æ.ʃ	g.æ.ʃ.t
g.ʌ.t.ɚ	g.ʌ.t.ɚ.d
h.oʊ.s.t	h.oʊ.s.t.ɪ.d
h.ʌ.f	h.ʌ.f.t
ɪ.n.s.ɪ.n.ɚ.eɪ.t	ɪ.n.s.ɪ.n.ɚ.eɪ.t.ɪ.d
ɪ.n.dʒ.ɛ.s.t	ɪ.n.dʒ.ɛ.s.t.ʌ.d
m.ɛ.ɹ.ʌ.n.eɪ.t	m.ɛ.ɹ.ʌ.n.eɪ.t.ɪ.d
m.æ.s.t.ɚ.m.aɪ.n.d	m.æ.s.t.ɚ.m.aɪ.n.d.ɪ.d
oʊ.p.aɪ.n	oʊ.p.aɪ.n.d
p.ɚ.dʒ.ɚ	p.ɚ.dʒ.ɚ.d
p.ɹ.oʊ.s.k.ɹ.aɪ.b	p.ɹ.oʊ.s.k.ɹ.aɪ.b.d
ɹ.eɪ.z	ɹ.eɪ.z.d
ɹ.i.k.æ.n.t	ɹ.i.k.æ.n.t.ɪ.d
ɹ.i.d.ɛ.k.ɚ.eɪ.t	ɹ.i.d.ɛ.k.ɚ.eɪ.t.ɪ.d
ɹ.i.m.ɪ.t	ɹ.i.m.ɪ.t.ɪ.d
ɹ.i.p.eɪ.t.ɹ.i.eɪ.t	ɹ.i.p.eɪ.t.ɹ.i.eɪ.t.ɪ.d
s.k.ɹ.ʌ.n.tʃ	s.k.ɹ.ʌ.n.tʃ.t
s.ɪ.s.i.d	s.ɪ.s.i.d.ɪ.d
s.t.oʊ.n.w.ɔ.l	s.t.oʊ.n.w.ɔ.l.d
s.ʌ.p.i.n.ʌ	s.ʌ.p.i.n.ʌ.d
ʃ.ʊ.g.ɚ	ʃ.ʊ.g.ɚ.d
t.ɛ.l.ɛ.k.s	t.ɛ.l.ɛ.k.s.t
v.eɪ.p.ɚ.aɪ.z	v.eɪ.p.ɚ.aɪ.z.d
v.ɛ.n.ɚ.eɪ.t	v.ɛ.n.ɚ.eɪ.t.ɪ.d
w.ɛ.d	w.ɛ.d.ʌ.d
ʌ.dʒ.u.d.ɪ.k.eɪ.t	ʌ.dʒ.u.d.ʌ.k.eɪ.t.ɪ.d
ʌ.p.ɔ.ɹ.ʃ.ʌ.n	ʌ.p.ɔ.ɹ.ʃ.ʌ.n.d
b.æ.k.t.ɹ.æ.k	b.æ.k.t.ɹ.æ.k.t
k.ʌ.m.p.ɑ.ɹ.t.m.ɛ.n.t.ʌ.l.aɪ.z	k.ɑ.m.p.ɑ.ɹ.t.m.ɛ.n.t.ʌ.l.aɪ.z.d
k.aʊ.n.t.ɚ.ʌ.t.æ.k	k.aʊ.n.t.ɚ.ʌ.t.æ.k.t
ɛ.n.f.i.b.ʌ.l	ɛ.n.f.i.b.ʌ.l.d
f.ɔ.ɹ.k.l.oʊ.z	f.ɔ.ɹ.k.l.oʊ.z.d
h.oʊ.z	h.oʊ.z.d
dʒ.ɔɪ.n.t	dʒ.ɔɪ.n.t.ʌ.d
l.ɪ.b.ɚ.ʌ.l.aɪ.z	l.ɪ.b.ɚ.ʌ.l.aɪ.z.d
m.ʌ.ʃ.i.n	m.ʌ.ʃ.i.n.d
m.j.u.t.eɪ.t	m.j.u.t.eɪ.t.ɪ.d
n.ɛ.ɹ.eɪ.t	n.ɛ.ɹ.eɪ.t.ɪ.d
p.ɹ.ɑ.p.ʌ.z.ɪ.ʃ.ʌ.n	p.ɹ.ɑ.p.ʌ.z.ɪ.ʃ.ʌ.n.d
k.w.ɪ.z	k.w.ɪ.z.d
ɹ.i.f.ɪ.t	ɹ.i.f.ɪ.t.ɪ.d
ɹ.i.s.ɚ.f.ʌ.s	ɹ.i.s.ɚ.f.ʌ.s.t
ɹ.i.v.æ.m.p	ɹ.i.v.æ.m.p.t
s.k.ɑ.tʃ	s.k.ɑ.tʃ.t
s.k.ɚ.dʒ	s.k.ɚ.dʒ.d
s.ɑ.k	s.ɑ.k.t
s.t.ɹ.æ.n.d	s.t.ɹ.æ.n.d.ʌ.d
s.w.aɪ.p	s.w.aɪ.p.t
v.æ.n.d.ʌ.l.aɪ.z	v.æ.n.d.ʌ.l.aɪ.z.d
æ.b.ɹ.ʌ.g.eɪ.t	æ.b.ɹ.ʌ.g.eɪ.t.ɪ.d
æ.g.ɹ.ʌ.g.ʌ.t	æ.g.ɹ.ʌ.g.eɪ.t.ʌ.d
æ.ŋ.l.ɪ.s.aɪ.z	æ.ŋ.l.ɪ.s.aɪ.z.d
æ.n.ʌ.l	æ.n.ʌ.l.d
ʌ.v.aʊ	ʌ.v.aʊ.d
b.l.oʊ.t	b.l.oʊ.t.ɪ.d
b.u.i	b.u.i.d
k.ɹ.æ.f.t	k.ɹ.æ.f.t.ɪ.d
d.ɪ.s.ʌ.l.aʊ	d.ɪ.s.ʌ.l.aʊ.d
f.ɚ.m	f.ɚ.m.d
g.u.f	g.u.f.t
g.ɹ.aɪ.p	g.ɹ.aɪ.p.t
dʒ.aɪ.ɹ.eɪ.t	dʒ.aɪ.ɹ.eɪ.t.ɪ.d
h.oʊ.m	h.oʊ.m.d
ɪ.m.j.u.n.aɪ.z	ɪ.m.j.ʌ.n.aɪ.z.d
ɪ.m.p.æ.k.t	ɪ.m.p.æ.k.t.ɪ.d
ɪ.n.t.ɚ.n.æ.ʃ.ʌ.n.ʌ.l.aɪ.z	ɪ.n.t.ɚ.n.æ.ʃ.ʌ.n.ɑ.l.aɪ.z.d
l.æ.m.p.u.n	l.æ.m.p.u.n.d
m.æ.l.f.ʌ.ŋ.k.ʃ.ʌ.n	m.æ.l.f.ʌ.ŋ.k.ʃ.ʌ.n.d
m.ɪ.n.t	m.ɪ.n.t.ɪ.d
m.ʌ.z.ʌ.l	m.ʌ.z.ʌ.l.d
p.ɚ.k	p.ɚ.k.t
p.ɚ.u.z	p.ɚ.u.z.d
f.oʊ.t.oʊ.k.ɑ.p.i	f.oʊ.t.oʊ.k.ɑ.p.i.d
ɹ.eɪ.l	ɹ.eɪ.l.d
ɹ.ɛ.d.i	ɹ.ɛ.d.i.d
ɹ.i.d.u	ɹ.i.d.ɪ.d
ɹ.ɛ.p.l.ɪ.k.eɪ.t	ɹ.ɛ.p.l.ɪ.k.eɪ.t.ɪ.d
ɹ.i.s.t.ɑ.k	ɹ.i.s.t.ɑ.k.t
ɹ.aɪ.l	ɹ.aɪ.l.d
s.æ.n.d	s.æ.n.d.ɪ.d
s.æ.n.d.b.æ.g	s.æ.n.d.b.æ.g.d
s.k.j.u.ɚ	s.k.j.u.ɚ.d
s.l.æ.n.d.ɚ	s.l.æ.n.d.ɚ.d
s.l.ʌ.g	s.l.ʌ.g.d
s.ɪ.n.d.ɪ.k.ʌ.t	s.ɪ.n.d.ɪ.k.eɪ.t.ɪ.d
t.eɪ.b.ʌ.l	t.eɪ.b.ʌ.l.d
t.aʊ.t	t.aʊ.t.ɪ.d
ʌ.n.b.ɚ.d.ʌ.n	ʌ.n.b.ɚ.d.ʌ.n.d
ʌ.n.h.ɪ.n.dʒ	ʌ.n.h.ɪ.n.dʒ.d
v.ɪ.l.ɪ.f.aɪ	v.ɪ.l.ʌ.f.aɪ.d
w.ɔ.ɹ.b.ʌ.l	w.ɔ.ɹ.b.ʌ.l.d
z.ɪ.ɹ.ɑ.k.s	z.ɪ.ɹ.ɑ.k.s.t
ʌ.k.ɹ.ɛ.d.ɪ.t	ʌ.k.ɹ.ɛ.d.ɪ.t.ɪ.d
ɔ.t.ʌ.g.ɹ.æ.f	ɔ.t.ʌ.g.ɹ.æ.f.t
k.æ.n.ʌ.n.aɪ.z	k.æ.n.ʌ.n.aɪ.z.d
k.ʌ.l.u.d	k.ʌ.l.u.d.ɪ.d
k.aʊ.n.t.ɚ.b.æ.l.ʌ.n.s	k.aʊ.n.t.ɚ.b.æ.l.ʌ.n.s.t
k.aʊ.n.t.ɚ.f.ɪ.t	k.aʊ.n.t.ɚ.f.ɪ.t.ɪ.d
k.ʌ.ɹ.i	k.ɚ.i.d
d.ɪ.f.eɪ.m	d.ɪ.f.eɪ.m.d
ɛ.n.ɚ.dʒ.aɪ.z	ɛ.n.ɚ.dʒ.aɪ.z.d
ɪ.n.t.ɹ.æ.p	ɪ.n.t.ɹ.æ.p.t
ɛ.k.s.k.ʌ.m.j.u.n.ʌ.k.eɪ.t	ɛ.k.s.k.ʌ.m.j.u.n.ʌ.k.eɪ.t.ʌ.d
f.ɪ.z.ʌ.l	f.ɪ.z.ʌ.l.d
h.ʊ.d	h.ʊ.d.ɪ.d
ɪ.n.s.aɪ.z	ɪ.n.s.aɪ.z.d
ɪ.n.t.ɚ.l.eɪ.s	ɪ.n.t.ɚ.l.eɪ.s.t
dʒ.ɪ.l.t	dʒ.ɪ.l.t.ɪ.d
l.ɛ.v.ʌ.n	l.ɛ.v.ʌ.n.d
m.aɪ.ɹ	m.aɪ.ɹ.d
m.ɑ.b	m.ɑ.b.d
aʊ.t.s.ɛ.l	aʊ.t.s.oʊ.l.d
aʊ.tʃ.aɪ.n	aʊ.t.ʃ.oʊ.n
oʊ.v.ɚ.p.l.eɪ	oʊ.v.ɚ.p.l.eɪ.d
oʊ.v.ɚ.s.l.i.p	oʊ.v.ɚ.s.l.ɛ.p.t
ɑ.k.s.ʌ.dʒ.ʌ.n.eɪ.t	ɑ.k.s.ʌ.dʒ.ʌ.n.eɪ.t.ʌ.d
ɹ.u.t	ɹ.u.t.ɪ.d
s.k.æ.l.ʌ.p	s.k.ɑ.l.ʌ.p.t
s.k.æ.l.p	s.k.æ.l.p.t
s.ɛ.ɹ.ʌ.n.eɪ.d	s.ɛ.ɹ.ʌ.n.eɪ.d.ɪ.d
s.ɪ.tʃ.u.eɪ.t	s.ɪ.tʃ.u.eɪ.t.ɪ.d
s.l.eɪ.t	s.l.eɪ.t.ɪ.d
s.l.aɪ.t	s.l.aɪ.t.ɪ.d
ʌ.n.s.i.t	ʌ.n.s.i.t.ɪ.d
v.æ.s.ʌ.l.eɪ.t	v.æ.s.ʌ.l.eɪ.t.ɪ.d
w.eɪ.dʒ.ɚ	w.eɪ.dʒ.ɚ.d
w.eɪ.l.eɪ	w.eɪ.l.eɪ.d
ʌ.d.ʌ.l.t.ɚ.eɪ.t	ʌ.d.ʌ.l.t.ɚ.eɪ.t.ɪ.d
æ.d.v.æ.n.t.ɪ.dʒ	æ.d.v.æ.n.t.ɪ.dʒ.d
æ.f.ɪ.k.s	ʌ.f.ɪ.k.s.t
æ.m.ɚ.t.aɪ.z	æ.m.ɚ.t.aɪ.z.d
ɚ.eɪ.n	ɚ.eɪ.n.d
b.i.t.eɪ.k	b.ɪ.t.ʊ.k
ʃ.ʌ.g.ɹ.ɪ.n	ʃ.ʌ.g.ɹ.ɪ.n.d
k.ɹ.ɪ.s.k.ɹ.ɔ.s	k.ɹ.ɪ.s.k.ɹ.ɔ.s.t
k.ʌ.s	k.ʌ.s.t
d.ʌ.k.æ.m.p	d.i.k.æ.m.p.t
d.ɪ.s.ɛ.l.ɚ.eɪ.t	d.ɪ.s.ɛ.l.ɚ.eɪ.t.ɪ.d
d.ɪ.f.ɹ.ɔ.d	d.ɪ.f.ɹ.ɔ.d.ɪ.d
d.ɪ.h.aɪ.d.ɹ.eɪ.t	d.ɪ.h.aɪ.d.ɹ.eɪ.t.ʌ.d
d.ɪ.ɹ.eɪ.l	d.ɪ.ɹ.eɪ.l.d
d.ɪ.s.ɪ.n.k.l.aɪ.n	d.ɪ.s.ɪ.n.k.l.aɪ.n.d
d.u.p	d.u.p.t
ɛ.m.b.l.eɪ.z.ʌ.n	ɛ.m.b.l.eɪ.z.ʌ.n.d
ɪ.n.k.æ.m.p	ɪ.n.k.æ.m.p.t
ɛ.n.ɹ.æ.p.tʃ.ɚ	ɛ.n.ɹ.æ.p.tʃ.ɚ.d
ɪ.n.s.n.ɛ.ɹ	ɪ.n.s.n.ɛ.ɹ.d
j.u.l.ʌ.dʒ.aɪ.z	j.u.l.ʌ.dʒ.aɪ.z.d
ɪ.k.s.p.ʌ.n.dʒ	ɪ.k.s.p.ʌ.n.dʒ.d
g.l.ʌ.t	g.l.ʌ.t.ɪ.d
ɪ.m.p.i.tʃ	ɪ.m.p.i.tʃ.t
ɪ.m.p.j.u.n	ɪ.m.p.j.u.n.d
ɪ.n.k.ʌ.n.v.i.n.j.ʌ.n.s	ɪ.n.k.ʌ.n.v.i.n.j.ʌ.n.s.t
ɪ.n.l.eɪ	ɪ.n.l.eɪ.d
dʒ.ɛ.t	dʒ.ɛ.t.ɪ.d
dʒ.ʌ.k.s.t.ʌ.p.oʊ.z	dʒ.ʌ.k.s.t.ʌ.p.oʊ.z.d
l.æ.m.ʌ.n.ʌ.t	l.æ.m.ʌ.n.eɪ.t.ʌ.d
l.ɛ.g	l.ɛ.g.ʌ.d
m.ʌ.m.ʌ.f.aɪ	m.ʌ.m.ɪ.f.aɪ.d
n.æ.b	n.æ.b.d
n.ɛ.t.ʌ.l	n.ɛ.t.ʌ.l.d
aʊ.t.d.ɪ.s.t.ʌ.n.s	aʊ.t.d.ɪ.s.t.ʌ.n.s.t
oʊ.v.ɚ.b.ɚ.d.ʌ.n	oʊ.v.ɚ.b.ɚ.d.ʌ.n.d
oʊ.v.ɚ.d.ɹ.ɔ	oʊ.v.ɚ.d.ɹ.u
oʊ.v.ɚ.t.æ.k.s	oʊ.v.ɚ.t.æ.k.s.t
p.ɚ.oʊ.l	p.ɚ.oʊ.l.d
p.i.k	p.i.k.t
p.l.eɪ.t	p.l.eɪ.t.ʌ.d
p.ɹ.i.d.ɛ.s.t.ʌ.n	p.ɹ.i.d.ɛ.s.t.ʌ.n.d
p.ɹ.ɛ.d.ʌ.k.eɪ.t	p.ɹ.ɛ.d.ʌ.k.eɪ.t.ɪ.d
p.ɹ.ʌ.v.ɛ.ɹ.ʌ.k.eɪ.t	p.ɹ.ʌ.v.ɛ.ɹ.ʌ.k.eɪ.t.ʌ.d
ɹ.i.æ.k.t.ʌ.v.eɪ.t	ɹ.i.æ.k.t.ʌ.v.eɪ.t.ɪ.d
ɹ.ɪ.s.ɛ.s	ɹ.ɪ.s.ɛ.s.t
ɹ.i.d.ɪ.p.l.ɔɪ	ɹ.i.d.ɪ.p.l.ɔɪ.d
ɹ.ɛ.k.w.ʌ.z.ɪ.ʃ.ʌ.n	ɹ.ɛ.k.w.ʌ.z.ɪ.ʃ.ʌ.n.d
ɹ.ɪ.s.ʌ.s.ɪ.t.eɪ.t	ɹ.ɪ.s.ʌ.s.ɪ.t.eɪ.t.ɪ.d
ɹ.i.t.u.l	ɹ.i.t.u.l.d
s.p.l.aɪ.s	s.p.l.aɪ.s.t
s.p.l.ɚ.dʒ	s.p.l.ɚ.dʒ.d
ʌ.n.d.ɚ.p.l.eɪ	ʌ.n.d.ɚ.p.l.eɪ.d
ʌ.p.b.ɹ.eɪ.d	ʌ.p.b.ɹ.eɪ.d.ɪ.d
